,,,,Total,Total,Total,Total,Total,Short,Short,Short,Medium,Medium,Medium,Long,Long,,,,,,,,
Rk,Player,Pos,90s,Completed,Attempted,Percentage Completed,Total Distance,Progressive Distance,Completed,Attempted,Percentage Completed,Completed,Attempted,Percentage Completed,Attempted,Percentage Completed,Assists,xA,A-xA,Key Passes,1/3,PassesPA,CrossessPA,Prog
1,Patrick van Aanholt\Patrick-van-Aanholt,DF,19.7,45.1,57.2,78.9,756.8,352.6,23,26,88.7,17.2,21.2,81.3,7.72,52,0.05,0.04,0.01,0.56,3.45,1.32,0.2,5.69
2,Tammy Abraham\Tammy-Abraham,FW,11.6,12.8,18.8,68.3,177.3,28.2,7.93,10.2,78,3.36,5.52,60.9,1.29,60,0.09,0.08,0.01,0.69,1.03,0.17,0,0.95
3,Che Adams\Che-Adams,FW,29.6,15,21.4,70,248.6,55.2,7.67,10.2,75.2,4.83,6.22,77.7,2.47,69.9,0.17,0.2,-0.03,1.15,0.91,0.84,0.07,2.06
4,Tosin Adarabioyo\Tosin-Adarabioyo,DF,32.8,48.6,55.6,87.4,1138.3,363.7,9.27,10.4,89.4,28.5,30,94.8,14.3,73.6,0,0.01,-0.01,0.15,2.07,0.15,0.03,2.23
5,Adrián\Adrian,GK,3,25.3,33,76.8,677,378.3,5.33,5.33,100,12.3,12.7,97.4,14.3,48.8,0,0,0,0,0,0,0,0
6,Sergio Agüero\Sergio-Aguero,FWMF,6.2,23.1,27.4,84.1,301.1,46,13.2,15.2,87.2,6.77,7.74,87.5,0.81,100,0.16,0.21,-0.05,0.97,1.77,0.97,0.16,1.94
7,Ola Aina\Ola-Aina,DF,29.6,44.9,57.8,77.7,862.8,348.7,17.8,19.7,90.1,20.8,24.2,86.1,12,48,0.03,0.05,-0.01,0.47,3.31,0.51,0.3,3.31
8,Rayan Aït Nouri\Rayan-Ait-Nouri,DF,15.6,42.1,50.3,83.7,694.6,197.1,21,22.8,91.9,17.8,20,89.1,5.19,50.6,0.06,0.06,0,0.83,1.92,0.9,0.32,2.95
9,Semi Ajayi\Semi-Ajayi,DF,30.9,22.8,30.7,74.4,502.5,213.3,6.41,7.51,85.3,11.8,14.4,81.8,8.25,53.7,0,0.01,-0.01,0.16,2.17,0.13,0,2.07
10,Nathan Aké\Nathan-Ake,DF,8.9,78.9,84.8,93,1446.4,397.1,32.5,33.6,96.7,39.2,41.8,93.8,8.2,82.2,0,0,0,0.11,6.74,0.22,0,4.04
11,Marc Albrighton\Marc-Albrighton,DFFW,19.4,32.7,47.6,68.8,587.3,238.6,16.4,19.7,83.3,10.9,13.6,80.2,10.3,42.2,0.26,0.23,0.03,2.01,2.63,2.16,0.82,4.48
12,Thiago Alcántara\Thiago-Alcantara,MF,20.6,72.7,81.3,89.5,1533.7,399.6,25.3,27.4,92.6,32.6,35.2,92.7,16.4,82.2,0,0.11,-0.11,1.41,10,1.31,0.05,8.93
13,Toby Alderweireld\Toby-Alderweireld,DF,24.9,45.9,54.8,83.7,1089.4,302.7,10.7,11.5,92.7,23.3,25.1,93,17.3,66.4,0,0.01,-0.01,0.28,3.05,0.24,0.04,2.09
14,Rúnar Alex Rúnarsson\Runar-Alex-Runarsson,GK,0.2,35,55,63.6,630,255,10,10,100,25,25,100,20,0,0,0,0,0,0,0,0,0
15,Trent Alexander-Arnold\Trent-Alexander-Arnold,DF,33.7,65.8,87.3,75.3,1409.9,578.6,23.3,26.4,88.2,29.5,35.3,83.6,23.1,53.9,0.21,0.24,-0.03,2.17,6.17,3,0.95,8.25
16,Ezgjan Alioski\Ezgjan-Alioski,DF,27.3,47.8,59.7,80.1,813.4,304.8,23,25.8,89.5,20.8,24.2,85.8,7.18,49.5,0.11,0.11,0,0.99,3,1.17,0.48,4.18
17,Alisson\Alisson,GK,33,29.3,34.5,85.1,767,404.4,4.82,4.88,98.8,15.9,16.2,98.1,13.2,64.2,0,0,0,0,0.21,0,0,0.03
18,Allan\Allan,MF,22.8,39.4,46,85.8,744.9,190.7,16.2,17.6,92,16.8,18.8,89.3,7.81,72.5,0,0.04,-0.04,0.7,3.99,0.66,0.04,3.6
19,Dele Alli\Dele-Alli,MF,6.9,39.1,48.8,80.1,674.5,155.1,18,21,85.5,16.8,19.1,87.9,5.65,66.7,0.14,0.13,0.01,1.16,2.46,1.3,0.14,3.91
20,Miguel Almirón\Miguel-Almiron,MFFW,27,26.3,32.5,81.1,449,100,13,14.6,89.1,10,11.7,85.2,4.04,60.6,0.04,0.1,-0.07,1.04,2.07,0.96,0.26,2.41
21,Marcos Alonso\Marcos-Alonso,DF,10.7,45.1,55.3,81.6,759.3,267.9,22.3,25,89.5,19.3,22.4,86.3,5.79,54.8,0,0.1,-0.1,1.12,1.78,0.75,0.19,4.58
22,Steven Alzate\Steven-Alzate,MFDF,10,39.9,44.6,89.5,692.8,132.1,19.4,21.3,91.1,15.4,16.3,94.5,5.4,83.3,0,0.05,-0.05,1,3.3,0.6,0,3.5
23,Daniel Amartey\Daniel-Amartey,DF,8,50,58.3,85.8,950.8,295.3,17,18.3,93.2,26.5,30,88.3,7.75,72.6,0,0,0,0,2.38,0.13,0,3.13
24,Ethan Ampadu\Ethan-Ampadu,DFMF,23.2,36.9,45.9,80.5,744.7,237.3,13.2,15.2,86.7,17.5,20.3,86.2,9.09,63.5,0,0.04,-0.04,0.43,2.97,0.69,0.09,3.62
25,Joachim Andersen\Joachim-Andersen,DF,30.3,50.5,60.5,83.4,1261.9,374.6,9.9,11,89.8,27.1,29.5,91.8,19,68.8,0.03,0.02,0.02,0.3,3.99,0.3,0.03,3.27
26,Elliot Anderson\Elliot-Anderson,MF,0,1,1,100,10,0,1,1,100,0,0,,0,,0,0,0,0,0,0,0,0
27,Felipe Anderson\Felipe-Anderson,FWMF,0,4,6,66.7,61,28,2,2,100,2,4,50,0,,0,0,0,0,0,0,0,2
28,Michail Antonio\Michail-Antonio,FW,21.9,14.9,22.4,66.5,228.7,42.2,8.63,11.8,73,4.11,6.12,67.2,2.37,57.7,0.23,0.11,0.12,1.05,1,0.55,0.09,1.14
29,Alphonse Areola\Alphonse-Areola,GK,36,20.5,27.8,73.6,560.1,334.2,6.14,6.14,100,6.97,7.06,98.8,14.1,48.7,0,0,0,0,0.17,0,0,0
30,Stuart Armstrong\Stuart-Armstrong,MF,30.7,32.6,41,79.7,541.2,153.5,16.8,19.7,85.3,12.5,14.5,86.3,4.14,66.9,0.16,0.09,0.07,1.11,2.93,1.3,0.16,3.78
31,Kepa Arrizabalaga\Kepa-Arrizabalaga,GK,6.5,30.5,37.4,81.5,801.4,403.4,7.54,7.85,96.1,13.7,13.7,100,15.8,58.3,0,0,0,0,0.46,0,0,0.15
32,Pierre-Emerick Aubameyang\Pierre-Emerick-Aubameyang,FW,25.9,20,26.7,75,304.4,58.2,11.2,13.7,81.4,7.07,9.19,76.9,1.97,54.9,0.12,0.11,0.01,0.85,0.69,1.04,0.35,1.93
33,Serge Aurier\Serge-Aurier,DF,17.8,43.2,53.6,80.6,708.8,290.5,22.6,25.1,90.1,16.7,21,79.6,5.56,58.6,0.17,0.11,0.06,0.67,1.63,1.12,0.34,3.43
34,Charlie Austin\Charlie-Austin,FW,1.5,16.7,22.7,73.5,249.3,89.3,8,9.33,85.7,8,10.7,75,1.33,50,0,0,0,0,0,0,0,2.67
35,Jordan Ayew\Jordan-Ayew,FWMF,23.3,22.1,28.1,78.6,308.7,52.5,13.7,16,85.8,6.27,7.94,78.9,1.76,56.1,0.13,0.03,0.1,0.52,0.52,0.6,0.09,1.55
36,Luke Ayling\Luke-Ayling,DF,37.8,55.8,70.4,79.3,1135.7,455.7,20.2,22.9,88.3,26.4,30.3,86.9,15.2,57.8,0,0.07,-0.07,0.66,4.68,0.93,0.32,5.37
37,César Azpilicueta\Cesar-Azpilicueta,DF,24.3,72.6,82.9,87.5,1266.3,455.1,30.9,33.1,93.3,35.9,39.2,91.6,8.27,59.2,0.08,0.11,-0.02,1.07,5.35,1.03,0.21,4.77
38,Eric Bailly\Eric-Bailly,DF,10.2,48.4,53.6,90.3,1018,305.2,13.6,14.5,93.9,27.5,29.8,92.4,8.92,78,0,0,0,0,2.75,0,0,2.84
39,Fabián Balbuena\Fabian-Balbuena,DF,13.3,26.8,35,76.8,646.8,247.8,5.79,6.62,87.5,14.1,16,87.8,11.6,57.8,0,0,0,0,2.48,0,0,2.26
40,George Baldock\George-Baldock,DF,31,29.4,37.4,78.5,447,147.1,17.1,18.6,91.7,9.74,12.5,78.2,3.9,43.8,0.06,0.05,0.01,0.55,1.26,0.94,0.26,1.97
41,Gareth Bale\Gareth-Bale,FW,10.2,27.8,40,69.6,546.5,174.3,13.8,16.7,82.9,7.94,11.3,70.4,9.31,55.8,0.2,0.19,0.01,1.96,2.25,1.57,0.59,3.14
42,Patrick Bamford\Patrick-Bamford,FW,33.9,11.4,14.9,76.3,154.3,25.7,6.61,8.47,78,3.24,3.98,81.5,0.8,81.5,0.21,0.12,0.09,0.86,0.62,0.38,0.06,0.91
43,Phil Bardsley\Phil-Bardsley,DF,3,38.7,55,70.3,752,316.3,15.7,16.3,95.9,17,22.3,76.1,13.3,40,0,0,0,0,3,2,0.33,3.67
44,Ross Barkley\Ross-Barkley,MF,17,36.4,44.9,81,670.1,171.1,17.1,19.5,87.6,13.5,15.6,86.8,7.82,64.7,0.06,0.21,-0.15,2.29,2.65,1.59,0,4.47
45,Ross Barkley\Ross-Barkley,MF,0.5,44,52,84.6,882,144,20,26,76.9,16,18,88.9,8,100,0,0.2,-0.2,2,4,2,0,4
46,Ashley Barnes\Ashley-Barnes,FW,14.8,13.2,20.7,63.5,174.3,38.8,8.72,11.7,74.6,3.04,5,60.8,1.96,27.6,0,0.05,-0.05,0.88,0.88,0.47,0.07,1.35
47,Harvey Barnes\Harvey-Barnes,FWMF,21.6,21.7,29,74.8,335.1,86.8,12.3,15.3,80.1,7.27,9.17,79.3,2.36,64.7,0.19,0.07,0.12,1.16,1.71,0.88,0.09,2.87
48,Kyle Bartley\Kyle-Bartley,DF,28.7,22,28.2,77.9,469.5,152.9,6.79,8.26,82.3,11.3,13,86.4,6.45,56.8,0.03,0.01,0.03,0.14,1.81,0.1,0.03,1.05
49,Chris Basham\Chris-Basham,DFMF,28.6,31.5,38.6,81.4,569.4,164.8,14.1,15.8,89.6,13.2,15.5,84.9,5.91,62.1,0.03,0.03,0.01,0.35,1.89,0.52,0.24,2.17
50,Michy Batshuayi\Michy-Batshuayi,FW,8.1,14.6,20.7,70.2,212.6,43.2,7.78,10,77.8,4.81,6.79,70.9,1.23,80,0.12,0.17,-0.05,0.86,0.86,0.49,0.12,1.36
51,Jan Bednarek\Jan-Bednarek,DF,34.4,49.3,58.3,84.6,944.1,314.2,18.2,19.6,92.6,25.5,27.9,91.2,9.65,53.6,0.03,0.01,0.02,0.15,2.33,0.12,0,2.33
52,Donny van de Beek\Donny-van-de-Beek,MFFW,5.8,40.5,48.1,84.2,629.5,130.7,21.7,24.3,89.4,16.2,17.6,92.2,2.93,64.7,0.17,0.17,0,0.52,1.9,0.34,0.17,1.72
53,Héctor Bellerín\Hector-Bellerin,DF,23.2,46.5,56.1,82.9,781.9,221.9,21.5,24.8,86.6,21.4,24.7,86.6,4.35,62.4,0.09,0.1,-0.02,0.95,2.63,1.25,0.39,3.79
54,Saïd Benrahma\Said-Benrahma,FWMF,15.5,26.5,34,78,412.5,117.7,15.2,17,89.4,8.52,10.7,79.5,4.26,43.9,0.39,0.28,0.1,1.74,2.65,1.42,0.39,3.03
55,Josh Benson\Josh-Benson,MF,2.9,21.4,29.3,72.9,298.3,111,13.1,14.5,90.5,5.86,8.28,70.8,4.14,33.3,0,0,0,0,1.38,0,0,2.41
56,Christian Benteke\Christian-Benteke,FW,20.2,18.1,28.4,63.9,250,49,10.7,16.1,66.6,5.1,8.47,60.2,1.49,70,0.05,0.05,0,0.74,1.24,0.69,0.1,1.63
57,Gaetano Berardi\Gaetano-Berardi,DF,1.3,35.4,43.1,82.1,690.8,327.7,10.8,12.3,87.5,20.8,23.1,90,6.92,55.6,0,0,0,0,1.54,0.77,0,2.31
58,Jóhann Berg Guðmundsson\Johann-Berg-Gudmundsson,MF,15.1,23.6,31.3,75.4,405.2,98.9,12.6,14.6,86.4,7.48,9.47,79,6.03,48.4,0,0.03,-0.03,0.66,1.26,0.99,0.33,2.25
59,Sander Berge\Sander-Berge,MF,12.4,30.6,37.4,81.9,557.3,114.8,13.2,15.9,83.2,13.1,14.8,88.6,5.08,71.4,0.08,0.1,-0.02,0.97,2.66,0.32,0.16,2.42
60,Steven Bergwijn\Steven-Bergwijn,FWMF,13.4,25.9,31.9,81.1,361.3,63.4,16.1,18.1,89.3,7.76,9.55,81.3,2.31,29,0.22,0.1,0.13,1.04,1.57,0.67,0,1.34
61,Bernard\Bernard,MFFW,5.1,42.4,53.3,79.4,704.1,181,21.2,23.9,88.5,15.9,20,79.4,5.69,72.4,0,0.14,-0.14,1.96,4.12,2.16,0.39,4.51
62,Bernardo\Bernardo,DFMF,2.3,27,37.8,71.3,453,125.2,13.9,16.5,84.2,10.4,14.8,70.6,2.61,83.3,0,0.09,-0.09,0.87,1.3,0.87,0.43,2.61
63,Ryan Bertrand\Ryan-Bertrand,DF,28.9,40.9,53.2,76.8,673,258.7,20.8,23.6,88.1,16.3,20.5,79.6,6.54,42.9,0.03,0.04,-0.01,0.45,2.25,0.83,0.17,3.36
64,Yves Bissouma\Yves-Bissouma,MF,34.6,42.2,48.4,87.2,843.4,156.5,14.9,16.8,88.7,20,21.9,91.5,8.47,78.2,0,0.03,-0.03,0.43,3.55,0.61,0.06,3.29
65,Jayden Bogle\Jayden-Bogle,DF,12.3,24.4,31.1,78.3,388,152,14,15.9,87.8,7.07,8.78,80.6,4.31,56.6,0,0.02,-0.02,0.33,1.38,0.57,0.08,1.87
66,Willy Boly\Willy-Boly,DF,20.9,39.7,48,82.8,778.9,269.7,13.3,14.9,88.8,20.9,23.2,89.9,8.9,58.1,0.05,0.02,0.03,0.14,2.25,0.05,0,1.91
67,Jarrod Bowen\Jarrod-Bowen,FWMF,28.5,17.5,25.8,68,339.9,75.4,7.51,9.82,76.4,6.7,8.53,78.6,5.82,50,0.18,0.16,0.01,0.98,0.77,0.77,0.32,1.3
68,Robbie Brady\Robbie-Brady,MF,11.7,22.7,33.6,67.7,402,139.1,11.4,13.8,82.6,7.52,11,68.2,6.67,43.6,0.09,0.08,0.01,0.6,1.97,0.51,0.34,2.74
69,Rhian Brewster\Rhian-Brewster,FW,12.5,12.5,18,69.3,210.3,51.9,6.88,8.88,77.5,3.76,5.44,69.1,2.64,60.6,0,0.14,-0.14,0.64,1.04,0.32,0.16,1.12
70,Nathan Broadhead\Nathan-Broadhead,MF,0,2,2,100,21,2,2,2,100,0,0,,0,,0,0,0,0,0,0,0,0
71,Josh Brownhill\Josh-Brownhill,MF,31.3,30,37.9,79,475.6,107.9,15.6,17.9,87.3,10.4,12.8,81.1,4.86,52.6,0.03,0.04,0,0.61,2.11,0.54,0.06,2.11
72,Joe Bryan\Joe-Bryan,DFFW,7.4,39.9,56.8,70.2,707.6,298.9,19.9,23.2,85.5,15.1,19.3,78.3,11.2,37.3,0,0.05,-0.05,0.81,3.11,0.68,0.27,3.65
73,Kean Bryan\Kean-Bryan,DF,11.2,28.8,39.6,72.9,590.5,271.5,10.5,11.5,91.5,13.1,16,82.1,10.3,43.5,0,0.04,-0.04,0.36,2.41,0.27,0.09,1.96
74,Oliver Burke\Oliver-Burke,FW,14.1,13.1,18.6,70.6,172.6,23.1,8.09,10.4,77.6,3.69,4.75,77.6,0.85,41.7,0.07,0.13,-0.06,0.92,0.35,0.57,0.07,0.78
75,Dan Burn\Dan-Burn,DF,22.9,41.6,54.2,76.7,737.2,230.8,17.4,21.3,81.8,20.8,25,83.4,6.2,46.5,0,0.04,-0.04,0.39,3.19,0.66,0.22,3.36
76,Jack Butland\Jack-Butland,GK,1,6,21,28.6,258,207,2,2,100,0,0,,19,21.1,0,0,0,0,1,0,0,0
77,David Button\David-Button,GK,1,16,37,43.2,687,484,2,2,100,2,2,100,33,36.4,0,0,0,0,0,0,0,0
78,Oskar Buur\Oskar-Buur,DF,0.2,70,75,93.3,1005,235,45,45,100,25,25,100,5,0,0,0,0,0,0,0,0,0
79,Willy Caballero\Willy-Caballero,GK,1,24,26,92.3,496,302,8,8,100,13,13,100,5,60,0,0,0,0,0,0,0,0
80,Gary Cahill\Gary-Cahill,DF,20,29.5,34.9,84.6,642.8,220.8,8.2,9.55,85.9,16.4,17.6,93.4,7.4,63.5,0.05,0.03,0.01,0.4,1.7,0.05,0,1.7
81,Tom Cairney\Tom-Cairney,MF,8.4,65.6,73.9,88.7,1329.2,239.2,25.5,27,94.3,27,29.4,91.9,15.2,78.1,0.12,0.17,-0.05,2.38,7.26,1.19,0.6,3.81
82,Dominic Calvert-Lewin\Dominic-Calvert-Lewin,FW,31.9,15,21,71.6,225.6,36,8.9,11.6,77,4.11,6.05,67.9,1.66,83,0,0.06,-0.06,0.53,0.85,0.34,0.03,1.13
83,João Cancelo\Joao-Cancelo,DF,25.5,70.4,82.1,85.7,1246.8,352.4,33.4,36.2,92.3,28.7,32.6,87.9,10.8,68.8,0.12,0.19,-0.07,1.73,5.29,2.71,0.35,6.51
84,Ian Carlo Poveda\Ian-Carlo-Poveda,MFDF,3.9,22.1,30,73.5,354.9,123.6,10.8,13.6,79.2,8.46,10.5,80.5,3.59,57.1,0,0.21,-0.21,1.03,1.79,2.31,0.51,4.62
85,Andy Carroll\Andy-Carroll,FW,4.4,20.2,32,63.1,321.6,98.4,12,16.8,71.6,5.91,10.5,56.5,3.18,50,0,0.02,-0.02,0.45,2.27,0.68,0,2.73
86,Scott Carson\Scott-Carson,GK,1,15,16,93.8,334,200,3,3,100,9,9,100,4,75,0,0,0,0,0,0,0,0
87,Fabio Carvalho\Fabio-Carvalho,MFFW,2.8,23.9,30.7,77.9,310.4,35,16.8,19.6,85.5,5.36,6.43,83.3,1.79,60,0,0.14,-0.14,0.71,1.07,0.71,0,1.79
88,Matty Cash\Matty-Cash,DF,26.4,36.3,49.2,73.9,705.2,263.9,14.9,16.7,89.5,15.6,19.6,79.7,11.6,45.9,0.08,0.08,-0.01,0.83,2.95,0.91,0.61,2.42
89,Kiko Casilla\Kiko-Casilla,GK,3,27.3,31.3,87.2,691,410,9,9,100,9.67,9.67,100,12.3,67.6,0,0,0,0,0,0,0,0
90,Timothy Castagne\Timothy-Castagne,DF,26.1,48.5,57.9,83.8,791.3,273.7,24.3,26.6,91.5,21,24.2,86.8,5.4,52.5,0.11,0.08,0.04,0.84,3.33,0.8,0.27,3.79
91,Jonny Castro\Jonny-Castro,DF,5.5,34.2,43.5,78.7,503.6,182.2,20.2,23.1,87.4,12,14.4,83.5,3.45,42.1,0,0.02,-0.02,0.55,1.45,0.18,0.18,2
92,Ivan Cavaleiro\Ivan-Cavaleiro,FWMF,27.5,21.8,30.3,72,364.5,88.3,11.2,13.7,81.2,7.75,9.6,80.7,4.76,45.8,0,0.12,-0.12,1.6,0.69,1.09,0.4,1.82
93,Edinson Cavani\Edinson-Cavani,FW,15.3,17.6,22.4,78.7,295.2,41,8.76,10.7,82.2,6.21,7.39,84.1,2.35,83.3,0.2,0.18,0.02,0.98,1.05,0.85,0.07,1.18
94,Dani Ceballos\Dani-Ceballos,MF,17.9,62.1,71.8,86.5,1230.6,289.5,23.2,25.5,90.8,28.5,31.2,91.6,12.8,74.8,0.17,0.16,0.01,1.51,7.32,1.23,0.17,5.98
95,Calum Chambers\Calum-Chambers,DF,8.4,55,68.5,80.3,988.2,284.3,24.5,27.5,89.2,24.3,28.7,84.6,10.1,55.3,0.24,0.13,0.11,1.31,2.86,1.07,0.6,2.74
96,Ben Chilwell\Ben-Chilwell,DF,25.4,55.9,71.1,78.6,946.4,317.5,28,30.7,90.9,21.9,26.9,81.4,10.3,46.6,0.2,0.11,0.09,1.18,3.43,1.02,0.43,5
97,Hamza Choudhury\Hamza-Choudhury,MF,3.5,54.3,67.1,80.9,1052,176,20.9,26.3,79.3,25.4,29.1,87.3,9.71,73.5,0,0,0,0,3.71,0,0,2.29
98,Andreas Christensen\Andreas-Christensen,DF,15.2,66.5,71.6,92.8,1403.6,378.6,19.4,20.8,93.4,36.3,38,95.3,12,86.3,0,0.03,-0.03,0.39,2.89,0.2,0,3.03
99,Carney Chukwuemeka\Carney-Chukwuemeka,FWMF,0.2,25,40,62.5,440,50,15,15,100,5,10,50,10,50,0,0,0,0,0,0,0,0
100,Ciaran Clark\Ciaran-Clark,DF,21,29.5,35.6,83,604.1,186.8,9.43,10.8,87.2,14.9,16.4,90.4,7.48,65,0,0,0,0.1,1.67,0.1,0,1.67
101,Nathaniel Clyne\Nathaniel-Clyne,DF,12.7,34.4,44.8,76.8,543.9,216.7,18.3,20.3,89.9,12.9,16.1,80,5.91,40,0.08,0.03,0.05,0.31,1.57,1.02,0.47,1.97
102,Conor Coady\Conor-Coady,DF,36.7,42.9,48.7,88.1,1106.7,390.1,7.82,8.26,94.7,22.1,23.1,95.7,16.8,76.1,0,0,0,0.05,2.13,0.03,0,1.61
103,Séamus Coleman\Seamus-Coleman,DFMF,17.9,34.9,42.8,81.5,623.6,228.4,16.7,18.4,90.9,13.9,16.4,85,6.65,60.5,0.17,0.11,0.06,1.01,1.79,0.78,0.28,2.4
104,Aaron Connolly\Aaron-Connolly,FW,8.8,8.98,11.5,78.2,130.3,18.8,5.11,6.36,80.4,2.95,3.41,86.7,0.57,80,0.11,0.02,0.09,0.57,0.23,0.11,0,0.34
105,Liam Cooper\Liam-Cooper,DF,24.3,56.1,64,87.7,1299.4,385.5,12,12.8,93.3,32.3,33.8,95.5,16.7,70,0,0,0,0,3.21,0.12,0,2.76
106,Theo Corbeanu\Theo-Corbeanu,FW,0.1,30,30,100,530,280,10,10,100,0,0,,10,100,0,1,-1,10,0,10,10,0
107,Jack Cork\Jack-Cork,MF,15,27.5,33.3,82.8,439.3,85.8,14.3,16.2,88.5,9.8,10.8,90.7,4.07,59,0,0.04,-0.04,0.47,2.6,0.2,0,1.73
108,Hélder Costa\Helder-Costa,MFFW,12.8,18.9,25.6,73.8,257.7,68.9,12.3,14.1,87.8,5.31,7.27,73.1,1.8,30.4,0.23,0.07,0.16,0.7,0.55,1.02,0.31,1.25
109,Vladimír Coufal\Vladimir-Coufal,DF,33.9,35.4,49.9,70.9,607.2,300.1,17,19.3,87.9,14.3,19.5,73.5,8.61,40.8,0.21,0.14,0.07,1.36,2.42,1.18,0.68,3.51
110,Aaron Cresswell\Aaron-Cresswell,DF,35.2,43.8,58.6,74.8,877.4,419.4,18.6,20.9,89,17.5,20.9,83.7,14.7,48.6,0.23,0.17,0.06,1.7,4.23,0.68,0.48,3.41
111,Patrick Cutrone\Patrick-Cutrone,FWMF,0.3,13.3,16.7,80,223.3,6.67,6.67,10,66.7,6.67,6.67,100,0,,0,0,0,0,0,0,0,0
112,Stuart Dallas\Stuart-Dallas,DFMF,37.9,47.8,58.4,82,836.8,262.5,23.7,26.1,91,18.7,22.2,84.3,8.02,60.2,0.05,0.06,0,0.71,3.72,1,0.24,4.8
113,Scott Dann\Scott-Dann,DF,15,33.9,40.3,84.1,693.1,317.2,10.8,11.9,90.5,18.2,19.6,92.9,8.07,57.9,0,0,0,0.07,1.6,0,0,1.87
114,Karl Darlow\Karl-Darlow,GK,25,14.6,29,50.1,621.6,457.1,1,1,100,4.44,4.6,96.5,23.4,38.9,0,0,0,0.04,0.32,0,0,0
115,Ben Davies\Ben-Davies,DF,15,40.7,52.2,77.9,727.2,280.9,17.7,19.7,90.2,18.8,22.1,84.9,8.47,41.7,0.07,0.04,0.03,0.47,2.8,0.6,0.27,2.87
116,Tom Davies\Tom-Davies,MF,15.8,36.3,43.3,83.8,693.9,169.9,14.9,16.7,89.4,15.9,18,88.7,6.77,72.9,0.06,0.06,0,0.44,2.72,0.44,0.13,2.97
117,Keinan Davis\Keinan-Davis,FWMF,3.1,18.7,25.5,73.4,271.9,45.5,11.6,12.9,90,6.13,9.35,65.5,1.29,50,0.32,0.16,0.16,1.61,0.32,0.97,0,0.97
118,Leif Davis\Leif-Davis,DF,0.4,40,47.5,84.2,960,397.5,7.5,7.5,100,25,27.5,90.9,12.5,60,0,0,0,0,0,2.5,0,2.5
119,Craig Dawson\Craig-Dawson,DF,21.4,27.7,33.6,82.5,660.2,184.3,6.03,6.54,92.1,14.2,15.3,92.4,11.1,64.6,0,0,0,0.05,1.92,0.05,0,1.17
120,Kevin De Bruyne\Kevin-De-Bruyne,MF,22.2,48.1,63.3,76,950.9,278.5,20.4,24.1,84.3,18.8,23.1,81.4,12.6,62.9,0.54,0.46,0.08,3.56,5.77,3.56,0.41,7.79
121,Liam Delap\Liam-Delap,FW,0.4,12.5,17.5,71.4,112.5,0,10,15,66.7,0,0,,0,,0,0,0,0,0,0,0,0
122,Fabian Delph\Fabian-Delph,MFDF,3,68.7,78,88,1195.3,312.3,31.3,33.3,94,30.3,32.7,92.9,10.3,58.1,0,0.03,-0.03,0.67,5,0.33,0,5
123,Leander Dendoncker\Leander-Dendoncker,MFDF,27.8,36.7,41.8,87.9,695,154.6,14.6,16.1,90.6,16.2,18,89.8,6.08,83.4,0,0.03,-0.03,0.58,2.3,0.29,0.07,2.23
124,Mbaye Diagne\Mbaye-Diagne,FW,13.2,12.3,17.4,70.4,181.7,34.5,7.95,9.62,82.7,3.18,5.3,60,1.59,57.1,0.15,0.13,0.02,0.91,0.98,0.38,0.15,1.21
125,Amad Diallo\Amad-Diallo,FW,1.8,30,35.6,84.4,466.1,121.7,16.1,18.3,87.9,10,11.1,90,2.78,80,0.56,0.28,0.28,1.11,2.78,0.56,0,2.78
126,Ibrahima Diallo\Ibrahima-Diallo,MF,11.3,44.2,51.9,85.2,774.8,174.5,19.4,21.9,88.7,20.4,22,92.4,6.73,53.9,0,0.05,-0.05,0.71,3.19,0.53,0.09,2.92
127,Grady Diangana\Grady-Diangana,MFFW,13.7,18.7,25.6,72.9,262.3,65.2,10.7,13.2,80.7,6.72,8.47,79.3,2.04,28.6,0,0.01,-0.01,0.36,1.09,0.51,0,1.9
128,Raphael Dias Belloli\Raphael-Dias-Belloli,MF,26.2,26.9,40.3,66.6,513.5,205.5,12.3,14.5,85,9.66,13.7,70.5,9.5,45.4,0.34,0.31,0.03,2.52,3.09,1.6,0.34,5.15
129,Rúben Dias\Ruben-Dias,DF,31.6,79.1,84.6,93.5,1717.2,462.2,19.5,20.5,95.4,45.2,46.6,97,16.5,84.4,0,0,0,0.09,5.25,0.28,0.03,3.67
130,Eric Dier\Eric-Dier,DF,28,50,59.1,84.6,1129.6,381.7,14,15.5,90.8,25.4,27.4,92.8,15.3,67.4,0,0,0,0.11,2.57,0.18,0,2.21
131,Lucas Digne\Lucas-Digne,DF,29.8,41.1,56.7,72.5,739.7,298.6,19.4,22.3,87,16.4,21.2,77.3,10.3,44,0.23,0.18,0.05,1.48,2.11,1.24,0.87,3.62
132,Virgil van Dijk\Virgil-van-Dijk,DF,4.1,72.2,80.2,90,1726.3,514.4,14.9,15.9,93.8,42.9,45.4,94.6,18.8,76.6,0,0,0,0,6.34,0,0,4.88
133,Issa Diop\Issa-Diop,DF,15.3,31,36.8,84.4,613,189.5,10.5,12,87,15.9,17.5,91.4,6.6,64.4,0,0,0,0.07,1.83,0,0,1.44
134,Moussa Djenepo\Moussa-Djenepo,MF,13.8,21.4,29,73.8,331.2,91.5,11.6,13.9,83.3,8.04,10.1,79.9,2.39,54.5,0,0.04,-0.04,0.51,1.23,0.94,0.14,1.74
135,Matt Doherty\Matt-Doherty,DF,13.8,48.3,59.9,80.6,793.1,307.2,26,29.1,89.3,18,22.2,81.1,6.38,53.4,0.14,0.06,0.09,0.8,1.67,1.01,0.51,3.12
136,Gabriel Dos Santos\Gabriel-Dos-Santos,DF,22.2,57.8,67.2,86,1216.7,352.3,17,18.6,91.3,30.4,32.5,93.5,14.9,65.8,0,0,0,0.09,3.69,0.14,0.09,2.39
137,Abdoulaye Doucouré\Abdoulaye-Doucoure,MF,27.1,42.3,49.2,86,739,151,19.1,21.7,87.9,17.8,19.7,90.3,5.42,79.6,0.11,0.08,0.03,0.66,2.55,0.77,0.04,2.4
138,Martin Dúbravka\Martin-Dubravka,GK,13,23.8,32.8,72.6,745.5,412.5,4.85,4.85,100,9.46,9.69,97.6,18.1,51.5,0,0,0,0,0.15,0,0,0
139,Paul Dummett\Paul-Dummett,DF,13.9,29.6,38.5,76.8,554.5,277.1,13.3,14.4,92.5,11.9,14.4,83,8.56,43.7,0,0.04,-0.04,0.29,2.23,0.36,0.14,1.65
140,Lewis Dunk\Lewis-Dunk,DF,32.6,59.4,66,90,1389.4,381.5,14.6,15.5,94.5,30.7,32.2,95.1,17.5,77.5,0,0.03,-0.03,0.28,3.56,0.06,0,2.15
141,Jimmy Dunne\Jimmy-Dunne,DF,3,34.7,48.7,71.2,773.3,190,9.67,12.3,78.4,17.3,22.7,76.5,12.7,57.9,0,0.03,-0.03,0.67,0.33,0.33,0,0.67
142,Ederson\Ederson,GK,36,25.2,30.3,83.1,678.8,385.1,3.64,3.75,97,14.1,14.2,99.2,12.1,59.9,0.03,0.01,0.02,0.03,0.19,0.06,0,0.03
143,Kyle Edwards\Kyle-Edwards,MFFW,1.3,23.1,26.9,85.7,323.1,70,13.8,13.8,100,9.23,10,92.3,1.54,0,0,0,0,0,2.31,0,0,2.31
144,John Egan\John-Egan,DF,29.2,31.7,37.5,84.6,748.3,229.5,7.91,8.66,91.3,16.4,18,91.3,10.3,69.4,0.03,0.01,0.02,0.1,2.77,0.24,0.03,1.99
145,Anthony Elanga\Anthony-Elanga,FW,1.7,25.3,31.2,81.1,395.3,71.2,14.7,16.5,89.3,6.47,7.65,84.6,3.53,83.3,0,0,0,0.59,2.35,0,0,1.18
146,Ahmed Elmohamady\Ahmed-Elmohamady,DF,9.3,49.9,63.9,78.1,954.7,391.5,20.8,22.6,91.9,21.5,27.6,77.8,12.2,58.4,0,0.06,-0.06,1.4,3.87,2.8,0.86,5.16
147,Mohamed Elneny\Mohamed-Elneny,MF,17.2,54.5,58.3,93.4,1074.1,213.5,19.4,20.4,95.2,26.6,27.7,96.2,9.13,86.6,0,0.01,-0.01,0.23,4.48,0.52,0,3.49
148,Jonny Evans\Jonny-Evans,DF,27.5,56.1,64.1,87.5,1231.6,375.6,13.9,15.1,92.3,31.7,33.7,94.2,14.6,68.9,0.07,0.01,0.06,0.29,3.35,0.11,0,2.29
149,Eberechi Eze\Eberechi-Eze,MF,28.4,32.3,40.8,79.3,518.9,153.5,17.7,19.9,89.2,10.5,12.7,82.5,6.13,48.9,0.21,0.1,0.11,1.37,2.71,1.13,0.11,3.91
150,Łukasz Fabiański\Lukasz-Fabianski,GK,35,17.3,28.6,60.5,697.1,496.6,1.54,1.57,98.2,5.31,5.43,97.9,21.6,48.2,0,0,0,0,0.54,0,0,0
151,Fabinho\Fabinho,DFMF,28.5,65.5,71.9,91.1,1339.2,347.2,20.8,22.2,93.7,34.5,36.5,94.7,12.3,77.7,0,0.01,-0.01,0.11,3.86,0.56,0.04,3.58
152,Bruno Fernandes\Bruno-Fernandes,MF,34.4,49.5,66.4,74.6,946.1,271.5,23.6,27.5,85.7,17.1,21.4,79.8,13.7,57.2,0.35,0.32,0.03,2.73,5.15,2.79,0.23,6.6
153,Federico Fernández\Federico-Fernandez,DF,23.1,29,36.2,80.2,633.4,188.7,8.27,9.57,86.4,14.9,16.8,88.9,9.05,62.7,0,0.01,-0.01,0.22,0.82,0.13,0.09,0.82
154,Fernandinho\Fernandinho,MF,13.2,66.5,75.8,87.7,1275.8,345.8,28.2,30.8,91.4,29.1,32,90.8,12,73.6,0.15,0.07,0.08,0.91,10.2,1.29,0.15,7.27
155,Sam Field\Sam-Field,MF,0.7,21.4,32.9,65.2,318.6,58.6,14.3,20,71.4,5.71,7.14,80,4.29,33.3,0,0,0,0,1.43,0,0,2.86
156,Roberto Firmino\Roberto-Firmino,FW,31.5,33.1,41.5,79.7,498.6,125.2,18.8,22,85.5,11,13.7,80.5,2.89,70.3,0.22,0.2,0.02,1.46,2.7,1.37,0,4.25
157,John Fleck\John-Fleck,MF,28.6,33.1,42.4,78,547,173.4,17.3,19,91,11,13.4,82,7.9,46,0.07,0.09,-0.02,1.19,3.95,0.87,0.14,3.6
158,Phil Foden\Phil-Foden,FWMF,18,38.2,46.6,82,580.7,123.2,22.3,24.6,90.7,12.4,14.8,83.9,4.83,48.3,0.28,0.23,0.05,1.89,2.22,1.33,0.11,3.33
159,Wesley Fofana\Wesley-Fofana,DF,25.1,58.7,66.6,88.2,1237.3,331,18.2,19.8,91.6,30.1,32.5,92.5,13.3,75.7,0,0.01,-0.01,0.24,4.46,0.04,0,3.11
160,Pablo Fornals\Pablo-Fornals,FWMF,28.6,29.8,38.5,77.3,492.1,143.4,15.9,18.3,87,10.6,13.5,78,4.69,58.2,0.14,0.09,0.05,1.05,2.52,1.12,0.17,3.78
161,Fraser Forster\Fraser-Forster,GK,8,19.3,34.3,56.2,566.5,372.5,4.75,4.75,100,6.88,7.38,93.2,21.1,32.5,0,0,0,0,0.13,0,0,0
162,Timothy Fosu-Mensah\Timothy-Fosu-Mensah,DF,0.9,72.2,83.3,86.7,1188.9,286.7,33.3,37.8,88.2,35.6,37.8,94.1,6.67,50,0,0.33,-0.33,2.22,4.44,1.11,1.11,1.11
163,Tyrese Francois\Tyrese-Francois,DF,0.2,70,75,93.3,1055,440,40,45,88.9,30,30,100,0,,0,0,0,0,0,0,0,15
164,Ryan Fraser\Ryan-Fraser,FWMF,10.3,23.6,35.8,65.9,409.7,129.1,11.6,13.4,86.2,8.25,11.6,71.4,8.54,35.2,0.19,0.2,-0.01,2.43,0.68,0.97,0.87,1.65
165,Fred\Fred,MF,26.6,58.5,66.3,88.2,1162.1,284.2,21.4,23.5,91.2,26.6,28.8,92.5,11.5,81.7,0,0.09,-0.09,0.9,6.54,0.68,0,5.6
166,Ryan Fredericks\Ryan-Fredericks,DFFW,6.3,32.2,44.3,72.8,471.6,171.7,19,22.2,85.7,10.8,15.4,70.1,3.97,32,0.16,0.19,-0.03,2.06,1.43,2.06,1.11,2.38
167,Christian Fuchs\Christian-Fuchs,DF,7.8,61.3,75.5,81.2,1165.1,449.1,26.2,29.4,89.1,27.9,32.8,85.2,11.9,59.1,0,0,0,0.13,5.38,0.26,0.13,4.23
168,Darnell Furlong\Darnell-Furlong,DF,32.6,21.5,36.1,59.5,411,186,9.48,12.1,78,8.25,13.6,60.7,8.74,37.5,0.09,0.06,0.03,0.52,1.81,0.55,0.43,2.39
169,Conor Gallagher\Conor-Gallagher,MF,28.1,26.4,34,77.8,475.4,107.3,12,14.3,84.3,10.1,11.5,88.2,6.3,54.8,0.07,0.06,0.01,0.64,2.7,0.53,0.07,1.92
170,Eric García\Eric-Garcia,DF,4.3,74.9,80,93.6,1579.5,434.7,21.9,23,94.9,40.2,41.2,97.7,15.3,81.8,0,0.02,-0.02,0.47,6.74,0,0,3.72
171,Dwight Gayle\Dwight-Gayle,FWMF,5.7,16,20,79.8,213.3,27.4,10.7,12.1,88.4,4.21,5.26,80,1.58,33.3,0.18,0.09,0.09,1.05,0,0.35,0,0.53
172,Jean-Philippe Gbamin\Jean-Philippe-Gbamin,MF,0.1,60,90,66.7,1220,360,30,40,75,20,30,66.7,10,100,0,0,0,0,10,0,0,10
173,David de Gea\David-de-Gea,GK,25.5,18,23.3,77.1,480.1,288.7,4.86,4.9,99.2,7.22,7.49,96.3,10.7,53.8,0,0,0,0,0.16,0,0,0
174,Anwar El Ghazi\Anwar-El-Ghazi,FW,17.9,24.1,34.2,70.5,390.8,108.3,13.5,16.4,82.3,7.54,10.3,73.4,4.53,48.1,0,0.13,-0.13,1.34,1.51,1.01,0.56,2.18
175,Kieran Gibbs\Kieran-Gibbs,DF,9,24.8,34.3,72.2,436.6,159.6,11.4,12.9,88.8,10.8,14.7,73.5,6,38.9,0,0.03,-0.03,0.33,1.67,0.33,0.33,1.78
176,Morgan Gibbs-White\Morgan-Gibbs-White,FWMF,4.6,41.3,51.1,80.9,699.8,153,20.7,24.3,84.8,15,17.2,87.3,7.61,62.9,0,0.13,-0.13,1.96,3.48,0.65,0,4.78
177,Billy Gilmour\Billy-Gilmour,MF,2.9,66.2,74.1,89.3,1291.7,183.1,26.2,27.6,95,30,33.4,89.7,12.4,77.8,0,0.03,-0.03,1.03,5.17,0.34,0,3.1
178,Olivier Giroud\Olivier-Giroud,FW,8.3,19.4,26.1,74.2,241.2,30.2,13.4,17.5,76.6,3.49,4.94,70.7,0.96,100,0,0.08,-0.08,0.84,0.84,0.12,0,0.84
179,Ben Godfrey\Ben-Godfrey,DF,29.8,37,43.7,84.6,728.5,192.4,12.7,14.4,88.3,19,20.8,91.1,6.91,67,0.07,0.02,0.05,0.03,1.95,0.17,0.07,1.71
180,André Gomes\Andre-Gomes,MF,17.4,43.1,51.8,83.2,853.2,202.5,17.8,20.3,87.5,17.8,20.3,87.3,9.77,70.6,0.06,0.06,0,0.86,4.71,0.75,0.11,4.6
181,Joe Gomez\Joe-Gomez,DF,6.6,72.9,80.8,90.2,1728.2,464.7,15,16.1,93.4,42.3,45,93.9,18.6,80.5,0,0,0,0.15,4.55,0,0,5.76
182,Anthony Gordon\Anthony-Gordon,FWMF,1,22,26,84.6,365,94,12,13,92.3,8,8,100,4,50,0,0,0,1,1,2,0,3
183,Karlan Grant\Karlan-Grant,FWMF,12.5,13.4,18.2,73.2,196.2,27.6,7.6,9.6,79.2,4.4,5.2,84.6,1.28,62.5,0,0,0,0,0.4,0.48,0,0.72
184,Demarai Gray\Demarai-Gray,FW,0.2,35,55,63.6,580,55,20,20,100,10,10,100,10,50,0,0,0,0,5,0,0,0
185,Jack Grealish\Jack-Grealish,FWMF,24.3,35.6,45.3,78.5,605.8,208.3,18.1,21.2,85.2,12.6,14.9,84.8,6.3,59.5,0.41,0.35,0.06,3.42,3.46,2.96,0.16,6.91
186,Mason Greenwood\Mason-Greenwood,FW,20.2,30.1,36.2,83.1,494.6,80.7,16.7,18.9,88.5,10.1,11.7,86.9,3.91,64.6,0.1,0.09,0.01,0.74,1.29,0.84,0.15,2.08
187,Pascal Groß\Pascal-Gross,MFDF,27.6,45.7,60.5,75.5,935.5,264.4,18.3,21.4,85.4,18.3,22,83.5,15.4,55.7,0.29,0.2,0.09,2.43,2.93,1.81,0.62,4.67
188,Kamil Grosicki\Kamil-Grosicki,FWMF,1.6,20,30.6,65.3,332.5,106.9,8.13,10,81.3,9.38,12.5,75,6.25,20,0.63,0.06,0.56,1.88,2.5,0.63,0,3.13
189,Vicente Guaita\Vicente-Guaita,GK,37,16.2,29.2,55.4,612,438.8,2.24,2.27,98.8,5.11,5.27,96.9,21.5,40.4,0,0,0,0,0.19,0,0,0
190,İlkay Gündoğan\Ilkay-Gundogan,MF,22.5,69,75.9,91,1165.9,218.8,34.9,37,94.5,26.8,28.8,93.1,8.04,76.2,0.09,0.2,-0.11,1.87,6.22,1.56,0.09,5.24
191,Antwoine Hackford\Antwoine-Hackford,DFFW,0.1,10,10,100,40,0,0,0,,0,0,,0,,0,0,0,0,0,0,0,0
192,Sébastien Haller\Sebastien-Haller,FW,10.4,16.4,24.2,67.9,264.3,50.5,9.52,13.2,72.3,4.52,6.25,72.3,2.69,60.7,0,0.12,-0.12,0.87,1.25,0.48,0.1,1.83
193,Rekeem Harper\Rekeem-Harper,MF,0.4,32.5,40,81.3,605,82.5,12.5,15,83.3,17.5,17.5,100,7.5,33.3,0,0,0,0,5,0,0,2.5
194,Jack Harrison\Jack-Harrison,MF,31.6,24.9,36.8,67.8,426.2,143.6,12.6,16,78.9,9.53,12.6,75.6,5.89,40.3,0.25,0.22,0.03,1.84,1.17,2.06,0.63,3.51
195,Kortney Hause\Kortney-Hause,DF,7,24.1,30.9,78.2,564.3,178.9,5.57,6.71,83,13,14.7,88.3,8.86,59.7,0,0,0,0,1.57,0,0,1.43
196,Kai Havertz\Kai-Havertz,MFFW,16.9,39,45.3,86.1,566.4,86.2,23.2,25.5,91,11.8,13.6,87,3.02,80.4,0.18,0.09,0.08,1.01,2.01,1.12,0.12,2.49
197,Isaac Hayden\Isaac-Hayden,MFDF,21.6,29.1,36.6,79.6,558.5,124.9,11.4,13.5,84.9,13.7,15.7,87,5.69,67.5,0,0.02,-0.02,0.23,2.22,0.14,0.05,1.9
198,Michael Hector\Michael-Hector,DF,2.9,47.9,60.3,79.4,1201.7,452.8,7.24,8.62,84,26.9,28.6,94,22.1,60.9,0,0,0,0.34,3.45,0.34,0,3.79
199,Ahmed Hegazi\Ahmed-Hegazi,DF,1,37,52,71.2,829,381,11,13,84.6,18,25,72,13,61.5,0,0,0,0,1,0,0,2
200,Dean Henderson\Dean-Henderson,GK,12.5,18.9,25.1,75.2,481.7,270.1,4.8,4.8,100,9.12,9.12,100,11.1,44.6,0,0,0,0,0.32,0,0,0
201,Jordan Henderson\Jordan-Henderson,MFDF,18.9,83.2,95.9,86.8,1735.5,456,27.4,29.7,92,41.2,43.6,94.5,20.7,66.5,0.05,0.07,-0.02,0.63,10.9,1.59,0.05,7.67
202,Jeff Hendrick\Jeff-Hendrick,MF,15.8,27.2,33.7,80.5,476.7,112,12.3,14.6,84,11,12.3,89.7,4.62,67.1,0.06,0.04,0.02,0.25,1.71,0.32,0.06,2.22
203,Pablo Hernández\Pablo-Hernandez,MFFW,4.7,61.7,83.2,74.2,1202.3,414.3,25.5,31.1,82.2,24.9,30.9,80.7,16.2,61.8,0.43,0.15,0.28,1.28,10.2,2.77,0.21,13.4
204,Son Heung-min\Son-Heung-min,FW,34.6,26.6,34.7,76.7,422.1,93.8,14.9,17.2,86.7,7.89,9.94,79.4,5.46,46.6,0.29,0.26,0.03,2.23,0.92,0.84,0.06,1.85
205,Ki-Jana Hoever\Ki-Jana-Hoever,DF,6.4,40.6,54.8,74.1,701.1,245.8,20,23.3,85.9,17,23,74.1,5.78,54.1,0,0.03,-0.03,0.47,2.19,0.47,0.16,2.19
206,Rob Holding\Rob-Holding,DF,28.4,55.6,62.3,89.3,1250.6,347.7,13.8,14.5,95.4,30.3,32.4,93.7,14.9,75.4,0.04,0.01,0.03,0.14,4.23,0.21,0,3.56
207,Mason Holgate\Mason-Holgate,DF,25.4,37.2,47.2,78.8,862.7,299.8,9.69,11.1,87.2,19.1,22.2,86,13.2,62.7,0,0.02,-0.02,0.35,2.32,0.47,0.16,2.64
208,Conor Hourihane\Conor-Hourihane,MF,2.5,46.4,62,74.8,1001.2,222.8,12.4,14,88.6,20.8,25.6,81.3,18.4,58.7,0.4,0.32,0.08,1.6,7.2,0.8,0.4,3.6
209,Callum Hudson-Odoi\Callum-Hudson-Odoi,FWDF,11.8,45.9,55.8,82.2,767.4,182.2,25.9,29.1,89.2,14.4,17.1,84.2,7.8,63,0.25,0.26,-0.01,2.63,2.03,3.22,0.93,4.66
210,Niall Huggins\Niall-Huggins,DF,0.4,42.5,57.5,73.9,600,142.5,27.5,35,78.6,15,15,100,7.5,0,0,0,0,0,2.5,0,0,0
211,Pierre Højbjerg\Pierre-Hojbjerg,MF,38,62.9,70.7,88.9,1191.2,321.6,25.4,27.7,91.6,28.6,31.3,91.3,10.5,77.3,0.11,0.05,0.06,0.45,6.18,0.53,0.11,5.08
212,Odion Ighalo\Odion-Ighalo,FW,0.1,10,10,100,70,0,10,10,100,0,0,,0,,0,0,0,0,0,0,0,0
213,Kelechi Iheanacho\Kelechi-Iheanacho,FW,16.2,24.7,30.9,79.8,360.4,57,15.3,17.5,87.6,6.98,8.4,83.1,3.02,59.2,0.12,0.18,-0.06,1.54,1.3,1.36,0.31,1.79
214,Danny Ings\Danny-Ings,FW,24.1,14.3,21.5,66.3,215.6,59.6,8.38,10.8,77.4,4.27,6.31,67.8,2.61,42.9,0.17,0.11,0.06,0.91,1.2,0.79,0.25,2.03
215,Branislav Ivanović\Branislav-Ivanovic,DF,8.5,31.2,36.6,85.2,701.9,167.8,7.76,8.71,89.2,17.3,19.2,90.2,8.35,73.2,0,0.01,-0.01,0.12,1.29,0.35,0,1.18
216,Alex Iwobi\Alex-Iwobi,FWDF,17.1,31,40.2,77,579.6,171.8,12.5,14.2,88,13.7,17,80.4,6.61,61.1,0.12,0.11,0.01,0.94,2.05,1.52,0.53,4.27
217,José Izquierdo\Jose-Izquierdo,DFMF,0.1,80,90,88.9,1270,130,40,40,100,40,50,80,0,,0,0,0,0,0,0,0,0
218,Phil Jagielka\Phil-Jagielka,DF,5.8,24.5,32.1,76.3,632.4,173.6,5.86,6.72,87.2,9.83,12.2,80.3,12.2,69,0,0,0,0,0.69,0,0,0.86
219,Alireza Jahanbakhsh\Alireza-Jahanbakhsh,FWMF,5.9,33.2,44.9,74,560.7,131.9,14.7,18.3,80.6,13.9,16.9,82,6.27,51.4,0.17,0.54,-0.37,1.86,0.68,3.22,0.85,3.56
220,Daniel James\Daniel-James,FW,10.1,23.5,30.1,78,322.5,74.7,15,17.4,85.8,6.73,8.71,77.3,1.09,63.6,0.1,0.12,-0.02,0.99,0.59,1.19,0.3,2.48
221,Reece James\Reece-James,DF,26.4,63.9,75.3,85,1190.8,305.6,28,30.3,92.4,27.7,31,89.5,11.9,64.1,0.08,0.11,-0.04,1.52,3.07,1.7,0.91,4.2
222,Alexandre Jankewitz\Alexandre-Jankewitz,MF,0,2,3,66.7,31,25,1,1,100,1,1,100,0,,0,0,0,0,0,1,0,1
223,Daniel Jebbison\Daniel-Jebbison,FW,3.2,7.5,10.6,70.6,96.3,11.9,5,6.56,76.2,1.88,2.81,66.7,0.63,50,0,0,0,0.31,0.63,0,0,0.31
224,Gabriel Jesus\Gabriel-Jesus,FW,22.9,27.9,32.9,84.6,381.7,46.1,17.2,19.4,88.7,7.34,8.56,85.7,1.92,72.7,0.17,0.15,0.03,1.22,1,0.61,0.04,1.35
225,Raúl Jiménez\Raul-Jimenez,FW,9.1,22.7,28.9,78.7,356.2,61.6,13.8,16.5,84,5.71,7.03,81.3,3.52,68.8,0,0.09,-0.09,0.88,1.76,0.99,0,2.09
226,Joelinton\Joelinton,FWMF,22,19.8,26.8,73.9,281.4,54.1,12.3,14.8,83.1,5.91,8,73.9,1.59,60,0.09,0.1,0,0.77,0.77,0.41,0.09,1.18
227,Ben Johnson\Ben-Johnson,DF,5.8,26.6,37.8,70.3,457.8,185.3,14.8,16.2,91.5,7.93,11.4,69.7,6.9,42.5,0,0.03,-0.03,0.69,2.07,0.52,0.52,2.59
228,Sam Johnstone\Sam-Johnstone,GK,37,17.3,34.6,49.9,729.4,507.4,1.27,1.27,100,4.95,5.22,94.8,28.1,39.3,0.03,0.01,0.02,0.03,0.7,0,0,0
229,Curtis Jones\Curtis-Jones,MF,13.1,67.9,74.5,91.2,1146,244.4,33.1,35.5,93.1,27,28.5,94.7,8.02,81.9,0.15,0.12,0.03,0.99,7.4,1.68,0.15,5.04
230,Jorginho\Jorginho,MF,22.3,69.9,78,89.5,1253.8,292.6,31.7,33.9,93.5,30,32.9,91.4,9.78,73.4,0.04,0.09,-0.05,1.08,6.28,0.9,0.04,5.16
231,Willian José\Willian-Jose,FW,12.3,20.2,24.9,81.4,358.2,46.3,9.84,11.4,86.4,6.99,8.21,85.1,3.17,82.1,0,0.05,-0.05,0.89,1.14,0.24,0,0.98
232,Diogo Jota\Diogo-Jota,FW,12.4,26.4,36.4,72.5,433.6,99,14.5,17.7,81.8,9.03,12.2,74.2,3.95,61.2,0,0.13,-0.13,0.97,2.66,1.13,0,3.71
233,James Justin\James-Justin,DF,23,43,54.3,79.2,719.1,240,21.6,24.2,89,18,21.6,83.1,6.09,48.6,0.04,0.07,-0.03,0.78,2.43,1.43,0.3,4
234,Ozan Kabak\Ozan-Kabak,DF,8.9,56.4,62.2,90.6,1164.6,301.5,18.8,20.1,93.3,29,29.9,97,12.1,70.4,0,0.02,-0.02,0.11,1.8,0,0,1.69
235,Aboubakar Kamara\Aboubakar-Kamara,FWDF,3.5,26.3,36.6,71.9,429.7,116.9,13.1,16.3,80.7,10,11.7,85.4,6,33.3,0,0.11,-0.11,1.71,1.14,1.14,0.29,3.14
236,Harry Kane\Harry-Kane,FW,34.2,19.2,27.4,70.1,366.1,112.1,8.77,11.3,77.9,6.9,9.24,74.7,4.97,60,0.41,0.22,0.19,1.4,2.87,1.2,0.2,3.65
237,N'Golo Kanté\NGolo-Kante,MF,23.8,54.7,63.2,86.6,1002.9,221.2,22.6,25.4,88.9,25.6,28.1,91,7.56,73.9,0.08,0.05,0.04,0.88,4.16,0.5,0.04,4.24
238,Moise Kean\Moise-Kean,FW,0.2,35,45,77.8,620,0,10,15,66.7,20,20,100,5,100,0,0,0,0,0,0,0,0
239,Michael Keane\Michael-Keane,DF,33.2,49.1,55.3,88.9,1115.4,354.8,10.7,11.8,90.8,28.3,29.8,94.9,12.5,74.2,0.03,0.03,0,0.24,3.13,0.18,0,2.62
240,Neeskens Kebano\Neeskens-Kebano,FWMF,1.3,25.4,32.3,78.6,314.6,76.2,19.2,19.2,100,4.62,8.46,54.5,2.31,33.3,0,0,0,0,0.77,0,0,1.54
241,Naby Keïta\Naby-Keita,MF,5.8,53.6,61.4,87.4,918.6,205.2,24.7,28.6,86.1,22.9,24.3,94.3,6.03,77.1,0,0.14,-0.14,1.03,5.34,1.72,0.17,5.52
242,Caoimhín Kelleher\Caoimhin-Kelleher,GK,2,25.5,31,82.3,729.5,366,3,3,100,13,13,100,15,63.3,0,0,0,0,0,0,0,0
243,Martin Kelly\Martin-Kelly,DF,0,2,2,100,28,5,2,2,100,0,0,,0,,0,0,0,0,0,0,0,0
244,Jonjoe Kenny\Jonjoe-Kenny,DF,0.9,52.2,67.8,77,870,245.6,31.1,32.2,96.6,14.4,22.2,65,8.89,75,0,0,0,0,3.33,1.11,0,4.44
245,Reda Khadra\Reda-Khadra,FW,0.1,0,10,0,0,0,0,10,0,0,0,,0,,0,0,0,0,0,0,0,0
246,Max Kilman\Max-Kilman,DF,14.6,44.4,50.1,88.6,841.4,285.8,16.8,17.7,95,23.1,24.7,93.4,7.12,59.6,0.07,0.03,0.03,0.27,3.56,0.14,0,2.74
247,Joshua King\Joshua-King,MFFW,1.6,21.3,30,70.8,350.6,67.5,10,14.4,69.6,9.38,11.3,83.3,2.5,75,0,0,0,0,0,0.63,0,2.5
248,Mateusz Klich\Mateusz-Klich,MF,26.6,44.5,56.2,79.3,766.7,198.7,21.8,25,87.1,16.1,19.4,82.6,8.31,61.5,0.19,0.15,0.04,1.73,3.95,1.54,0.23,5.26
249,Robin Koch\Robin-Koch,DFMF,12.6,51.4,60.1,85.6,1097.2,326.9,11.2,13.4,83.4,32.3,34,94.9,11.6,63,0,0.02,-0.02,0.32,2.86,0.24,0,3.49
250,Sead Kolašinac\Sead-Kolasinac,DF,1,54,64,84.4,801,177,30,35,85.7,22,24,91.7,3,33.3,0,0,0,0,3,1,0,4
251,Terence Kongolo\Terence-Kongolo,DF,1,37,39,94.9,723,293,12,13,92.3,22,23,95.7,3,100,0,0,0,1,3,1,1,3
252,Ezri Konsa\Ezri-Konsa,DF,35.5,30.3,35,86.5,684.9,168.4,7.04,8,88,17.3,18.5,93.5,7.89,72.1,0,0.01,-0.01,0.03,1.07,0.06,0,1.01
253,Cheikhou Kouyaté\Cheikhou-Kouyate,DF,34.7,27.6,35.1,78.8,567.7,181.5,9.57,11.2,85.1,12.5,14.3,87.1,8.5,59.7,0,0.01,-0.01,0.17,1.12,0.09,0.03,0.95
254,Mateo Kovačić\Mateo-Kovacic,MF,20.2,78.2,86,91,1528.8,367.2,30.6,32.9,93.1,35.9,38.3,93.8,13.2,81.2,0.05,0.09,-0.04,1.14,8.12,1.19,0,8.17
255,Emil Krafth\Emil-Krafth,DF,14.3,28.3,39,72.5,503.4,226.6,12.9,15.5,83.3,11.5,15.2,75.2,6.29,52.2,0,0.03,-0.03,0.42,1.61,0.21,0.21,1.33
256,Filip Krovinović\Filip-Krovinovic,MF,6.1,50.5,59.8,84.4,875.1,247.7,23,25.6,89.7,20.8,24.1,86.4,7.21,70.5,0,0.05,-0.05,0.82,6.07,1.15,0,6.56
257,Alexandre Lacazette\Alexandre-Lacazette,FW,21.4,19.2,24.5,78.2,283.5,58.3,10.5,13.2,79.5,6.31,7.38,85.4,2.06,61.4,0.09,0.13,-0.03,0.84,1.12,0.98,0,2.15
258,Adam Lallana\Adam-Lallana,MFFW,17.7,44.8,52.9,84.7,700.4,168,23.3,26,89.8,16.6,19.2,86.7,4.69,67.5,0.06,0.16,-0.1,1.53,3.28,1.58,0.17,4.69
259,Érik Lamela\Erik-Lamela,FWMF,8,36.1,46,78.5,611.1,127.8,19,22,86.4,12.3,14.6,83.8,6.75,63,0,0.11,-0.11,1,2.75,1.25,0,3.63
260,Tariq Lamptey\Tariq-Lamptey,DF,9.8,39.8,51,78,647.6,174.6,21.3,23.9,89.3,14.4,19.2,75,5.71,57.1,0.1,0.11,-0.01,1.12,1.22,1.22,0.71,2.76
261,Manuel Lanzini\Manuel-Lanzini,MFFW,6.3,51.9,58.4,88.9,839.8,208.1,27.9,30.3,92.1,19.4,21.1,91.7,4.92,67.7,0.16,0.14,0.02,1.75,3.97,0.63,0,3.17
262,Aymeric Laporte\Aymeric-Laporte,DF,14.9,77.9,84.6,92,1620.6,467.3,23.7,25,94.9,41.9,43.7,95.9,15,79.9,0,0.05,-0.05,0.27,7.25,0.34,0,4.83
263,Jamaal Lascelles\Jamaal-Lascelles,DF,18.1,26.9,33.1,81.3,586.6,184.1,7.18,8.07,89,15.1,16.6,91.3,7.79,56,0,0,0,0.06,1.66,0.28,0,1.77
264,Maxime Le Marchand\Maxime-Le-Marchand,DF,1.4,55.7,58.6,95.1,1315,458.6,12.9,12.9,100,30.7,32.1,95.6,12.9,88.9,0,0,0,0,2.14,0.71,0,4.29
265,Mario Lemina\Mario-Lemina,MF,18.9,38.8,45.5,85.3,797.8,196.3,12.9,14.7,87.8,18.9,21.1,89.7,8.62,71.2,0,0.04,-0.04,0.53,3.17,0.79,0.05,2.96
266,Bernd Leno\Bernd-Leno,GK,34.8,26.5,33.2,79.8,632.3,320.5,7.61,7.61,100,13.1,13.2,99.3,12.2,46,0,0,0,0,0.14,0,0,0.06
267,Khanya Leshabela\Khanya-Leshabela,MF,0.1,70,90,77.8,980,380,40,50,80,10,10,100,10,100,0,0,0,0,10,0,0,10
268,Jamal Lewis\Jamal-Lewis,DF,20.4,31.1,40.8,76.2,542.6,222.8,15,17.1,88,12,14.9,80.5,6.81,50.4,0.05,0.08,-0.03,0.74,1.67,0.78,0.49,1.52
269,Victor Lindelöf\Victor-Lindelof,DF,28.7,57.1,62.7,91.1,1130.7,368.3,18.8,19.9,94.4,31.2,32.5,95.9,9.2,72.3,0.03,0.02,0.01,0.21,3.45,0.21,0,3.21
270,Jesse Lingard\Jesse-Lingard,MFFW,15.8,34.4,42.3,81.3,544.2,144.9,19.2,21.7,88.3,10.8,12.7,85.1,5.25,57.8,0.25,0.09,0.16,1.08,3.67,1.65,0.25,4.11
271,Jake Livermore\Jake-Livermore,MF,13.8,20.5,27.6,74.3,361,83.2,9.06,11,82.2,7.97,10.6,75.3,4.57,58.7,0,0.01,-0.01,0.36,2.1,0.14,0.07,1.81
272,Diego Llorente\Diego-Llorente,DF,13.4,42.4,49.6,85.4,973.9,236.9,7.01,8.06,87,27.6,30.2,91.4,10.1,72.8,0,0.04,-0.04,0.3,2.09,0.07,0,1.72
273,Hugo Lloris\Hugo-Lloris,GK,38,20.1,28.1,71.5,575.4,366.3,5.32,5.34,99.5,7.29,7.42,98.2,15.1,48.2,0,0,0,0,0.16,0,0,0
274,Giovani Lo Celso\Giovani-Lo-Celso,MF,10.5,44.3,56.1,78.9,796.6,210,21.2,23.9,88.8,16.2,19.6,82.5,9.62,61.4,0.1,0.12,-0.03,1.33,4.19,1.05,0,5.52
275,Ruben Loftus-Cheek\Ruben-Loftus-Cheek,MFFW,21.2,28.1,33.8,83.1,455.2,103,13.8,16.1,85.9,11.5,13,88.4,2.78,71.2,0,0.07,-0.07,0.71,2.92,0.57,0.09,3.35
276,Ruben Loftus-Cheek\Ruben-Loftus-Cheek,FW,0.7,15.7,22.9,68.8,237.1,31.4,8.57,8.57,100,5.71,7.14,80,4.29,33.3,0,0,0,0,1.43,0,0,1.43
277,Kevin Long\Kevin-Long,DF,7.1,25.5,35.9,71,609,195.4,5.77,7.04,82,12.8,16.3,78.4,11.3,57.5,0,0,0,0,1.27,0.28,0,2.11
278,Shane Long\Shane-Long,FWMF,2.3,16.5,25.7,64.4,214.8,73,11.7,14.8,79.4,3.48,6.96,50,0.87,100,0,0,0,0,1.3,0,0,1.74
279,Matthew Longstaff\Matthew-Longstaff,MF,4.2,27.9,35.2,79.1,505,81.2,12.6,15.2,82.8,10.5,11.9,88,7.14,63.3,0,0.02,-0.02,0.48,0.95,0.24,0.24,0.71
280,Sean Longstaff\Sean-Longstaff,MF,15.7,28.8,36.4,79,603.7,138.7,11.1,12.5,88.3,11.2,12.7,88,9.36,60.5,0.06,0.07,-0.01,0.7,2.61,0.13,0.06,2.55
281,Ademola Lookman\Ademola-Lookman,FWMF,30.5,28.9,38.3,75.3,491,141.3,13.7,16.1,85.3,11.5,14,82.4,5.84,48.3,0.13,0.17,-0.04,1.97,1.51,1.38,0.16,3.44
282,Max Lowe\Max-Lowe,DF,6.1,23.8,36.6,65,386.9,126.6,13,16.2,79.8,8.2,12.3,66.7,5.57,38.2,0,0.03,-0.03,0.49,2.3,0.82,0.16,2.62
283,Matthew Lowton\Matthew-Lowton,DF,34,30.3,44.1,68.8,596.4,269.9,14.1,15.6,90.5,10.5,14.6,71.9,12.6,42.1,0.03,0.07,-0.04,0.71,3.53,1.26,0.29,3.85
284,David Luiz\David-Luiz,DF,15.5,52.1,62.3,83.6,1208.8,339.7,11.4,12.5,91.2,28.5,30.6,93.2,18,65.6,0,0.03,-0.03,0.13,4.26,0.52,0,3.94
285,Douglas Luiz\Douglas-Luiz,MF,30.9,39.3,46.3,84.8,814.1,183.5,13.8,15.3,90.3,17.3,19.3,89.9,9.77,74.8,0.06,0.05,0.02,0.61,4.11,0.49,0.1,3.43
286,John Lundstram\John-Lundstram,MF,22.6,37.3,46.1,81,669.8,148.5,17.3,18.7,92.7,14.8,16.8,88.2,8.45,49.7,0.09,0.05,0.04,0.84,2.61,0.53,0.09,2.61
287,Alexis Mac Allister\Alexis-Mac-Allister,MFFW,12.4,26,32.8,79.4,446.9,104.7,12.3,14.7,84.1,9.92,11.9,83.1,3.87,72.9,0.08,0.19,-0.11,1.21,1.94,1.37,0,2.9
288,James Maddison\James-Maddison,MFFW,23.3,37,47.9,77.3,649.2,177.9,18.5,21,88.2,13,15.6,83.5,8.8,52.2,0.21,0.23,-0.01,2.23,3.69,1.5,0.21,4.33
289,Harry Maguire\Harry-Maguire,DF,33.9,56.2,63.1,89,1258,364.4,14.3,15.7,91,30.2,32.4,93.3,14.2,79.1,0.03,0.01,0.02,0.21,5.72,0.24,0.03,3.07
290,Riyad Mahrez\Riyad-Mahrez,FW,21.7,42.1,50,84.2,689,144.5,22.6,24.7,91.8,15.6,18,86.9,5.21,60.2,0.28,0.27,0,1.89,1.61,2.4,0.28,4.06
291,Ainsley Maitland-Niles\Ainsley-Maitland-Niles,MF,13.7,22.4,29.3,76.4,335.7,95,12.4,15,82.5,6.64,8.69,76.5,2.99,65.9,0,0.05,-0.05,0.36,1.31,0.58,0.07,2.48
292,Ainsley Maitland-Niles\Ainsley-Maitland-Niles,DF,5.4,41.9,53.3,78.5,746.9,204.1,20.2,23.3,86.5,17.2,20,86.1,7.78,52.4,0,0.04,-0.04,0.56,2.78,0.56,0.19,2.59
293,Josh Maja\Josh-Maja,FWMF,9,17.4,19.9,87.7,279,22,9.33,10.3,90.3,5.89,6.22,94.6,1.67,93.3,0,0.12,-0.12,0.89,0.44,0.44,0,0.78
294,Sadio Mané\Sadio-Mane,FW,31.2,25.7,34.1,75.4,433.4,92.2,13,16.1,80.7,9.2,11.6,79.5,3.97,71,0.22,0.18,0.04,1.83,1.19,2.15,0.32,3.37
295,Javier Manquillo\Javier-Manquillo,DF,9.2,32.2,43.5,74,511.5,220.3,18.7,20.3,92,10,14.5,69.2,6.09,44.6,0,0.02,-0.02,0.43,1.63,0.43,0.22,2.28
296,Fernando Marçal\Fernando-Marcal,DF,6.9,44.3,53.6,82.7,789.1,294.5,22.8,24.3,93.5,16.5,19.7,83.8,8.12,60.7,0,0.03,-0.03,0.58,2.17,0.29,0.14,3.48
297,Solly March\Solly-March,DF,18.6,36.6,52.4,69.8,690.7,232.7,17.2,20.1,85.3,14,18.8,74.6,11,45.9,0.05,0.09,-0.04,1.45,2.1,1.83,0.7,4.14
298,Pablo Marí\Pablo-Mari,DF,10,53.7,59.2,90.7,1097.7,275.3,16.2,17,95.3,29.4,30.1,97.7,11.3,67.3,0,0,0,0,2,0,0,1.9
299,Anthony Martial\Anthony-Martial,FW,16.4,24.6,29.8,82.8,344.7,69.6,15.1,17.1,88.6,7.32,8.78,83.3,1.22,80,0.18,0.12,0.06,0.91,1.59,0.91,0,2.62
300,Martinelli\Martinelli,FW,6.5,19.4,24.5,79.2,286.6,64.8,11.4,13.5,84.1,7.08,8.62,82.1,1.23,50,0.15,0.32,-0.17,1.38,0.31,1.08,0.46,1.23
301,Emiliano Martínez\Emiliano-Martinez,GK,38,22.3,34.1,65.6,763.1,496.7,2.76,2.76,100,10.2,10.2,99.7,21,44.4,0,0.01,-0.01,0.05,0.71,0.03,0,0
302,Arthur Masuaku\Arthur-Masuaku,DFFW,11.2,39.5,49.3,80.1,670.8,227.8,21.9,24.3,90.1,13.5,17,79.5,5.89,62.1,0.18,0.17,0.01,1.16,2.23,1.43,0.89,3.48
303,Juan Mata\Juan-Mata,FWMF,5.7,43.3,51.6,84,668.9,145.1,25.8,27.9,92.5,12.8,15.3,83.9,5.96,64.7,0.35,0.14,0.21,1.4,3.16,0.7,0.18,3.33
304,Jean-Philippe Mateta\Jean-Philippe-Mateta,FW,2.5,12.4,20.4,60.8,133.6,26.8,10,12,83.3,1.6,6,26.7,0,,0,0,0,0.4,0.4,0,0,1.2
305,Nemanja Matić\Nemanja-Matic,MF,12.3,71.7,79.3,90.5,1370.2,355,28.1,30.2,93.3,34,36.6,92.9,11,80.7,0,0.03,-0.03,0.57,6.75,0.81,0.24,6.42
306,Joël Matip\Joel-Matip,DF,7.7,60.5,68.4,88.4,1305.5,335.6,16.5,17.7,93.4,33.2,35.2,94.5,14.8,70.2,0.26,0.13,0.13,0.26,3.9,0.13,0,1.95
307,Neal Maupay\Neal-Maupay,FWMF,27.9,18.2,23.5,77.4,283.3,48.9,9.14,11.1,82.3,6.67,7.96,83.8,2.15,61.7,0.07,0.13,-0.06,1.11,1.15,1,0.14,1.47
308,James McArthur\James-McArthur,MF,16.3,38.5,47.2,81.5,729.9,210.1,14.7,16.9,87,17.7,20.1,88.1,7.85,64.8,0.12,0.06,0.07,0.8,3.87,0.37,0,3.68
309,Oliver McBurnie\Oliver-McBurnie,FW,14.7,18.2,29,62.9,251,71.5,11.4,16.7,67.9,5.58,9.05,61.7,0.75,63.6,0,0.07,-0.07,0.95,1.43,1.09,0,2.93
310,Alex McCarthy\Alex-McCarthy,GK,30,22.9,35.6,64.3,612.1,381,6.03,6.07,99.5,9.47,9.57,99,19.5,35.7,0,0,0,0,0.23,0.07,0,0
311,James McCarthy\James-McCarthy,MF,9.1,27.9,36.2,77.2,587.1,143.5,9.23,11,84,12.7,15.1,84.7,8.68,62,0,0.03,-0.03,0.66,2.86,0.44,0.33,2.64
312,John McGinn\John-McGinn,MF,37,29.2,37.8,77.3,641.4,208.3,9.73,11.3,86.1,12.6,15.4,81.9,9.43,65,0.14,0.08,0.05,1.08,4.84,1.19,0.16,4.84
313,David McGoldrick\David-McGoldrick,FWMF,26.6,26.3,35.3,74.4,435,76.2,13.9,17.4,80,9.59,12.7,75.7,3.57,65.3,0.04,0.05,-0.01,0.56,1.8,0.9,0.11,2.56
314,Dwight McNeil\Dwight-McNeil,MF,34.1,27,39.2,68.9,541.2,162.5,11.6,13.3,87.4,9.85,12.6,78.3,10.8,45.8,0.15,0.19,-0.04,1.47,2.17,1.2,0.7,2.26
315,Scott McTominay\Scott-McTominay,MF,23.7,46.8,53.6,87.3,916.8,241,18,19.7,91.6,21.6,23.9,90.1,8.65,75.6,0.04,0.04,0,0.59,4.6,0.38,0.04,4.39
316,Ben Mee\Ben-Mee,DF,29.9,26.2,34.9,75.1,612.3,233.5,7.76,9.03,85.9,11.4,13.4,85,11.7,57,0,0.01,-0.01,0.2,1.71,0.03,0,2.14
317,Hannibal Mejbri\Hannibal-Mejbri,MF,0.1,30,30,100,580,250,20,20,100,0,0,,10,100,0,0,0,0,10,0,0,10
318,Benjamin Mendy\Benjamin-Mendy,DF,10.6,50.2,61.4,81.7,920.3,245.4,19.3,22,88,25.4,29,87.6,8.49,60,0.09,0.04,0.06,0.47,2.64,0.94,0.28,4.62
319,Edouard Mendy\Edouard-Mendy,GK,30.5,27.9,33,84.6,682.1,338,6.82,6.89,99,13.8,13.9,99.3,12,59,0,0,0,0,0.13,0,0,0
320,Nampalys Mendy\Nampalys-Mendy,MF,16.2,54.4,59.6,91.4,941.9,188.8,24.9,26.8,93.1,23.6,25.2,93.4,6.23,80.2,0.06,0.02,0.04,0.37,4.81,0,0,3.02
321,Illan Meslier\Illan-Meslier,GK,35,31.1,38.5,80.9,799.8,377.9,7.03,7.09,99.2,14.9,15.1,98.7,16.2,56.2,0,0,0,0.03,0.06,0,0,0
322,Luka Milivojević\Luka-Milivojevic,MF,26.2,39.3,48.4,81.1,792.3,254,14.4,16.2,88.7,17.6,20.5,85.7,9.92,66.5,0.04,0.05,-0.01,0.76,3.97,0.5,0.08,4.12
323,James Milner\James-Milner,MFDF,11.9,65.2,76.8,84.9,1232.4,356.5,27.9,30.3,92.2,27.8,31,89.7,12.3,71.9,0.08,0.1,-0.02,1.09,6.39,2.18,0.42,7.48
324,Yerry Mina\Yerry-Mina,DF,21.5,51.9,57.1,90.9,1072.3,296.1,13.7,14.6,93.9,29.5,30.9,95.5,9.95,74.8,0,0,0,0,2.28,0,0,2.09
325,Takumi Minamino\Takumi-Minamino,MFFW,3.3,33.6,42.1,79.9,481.5,100.6,20,22.1,90.4,12.1,14.8,81.6,3.64,25,0,0,0,0,3.33,0.61,0,1.21
326,Takumi Minamino\Takumi-Minamino,MFFW,7.9,23.5,32.5,72.4,362.8,67.5,12.5,15.8,79.2,8.73,11.1,78.4,3.29,42.3,0,0.06,-0.06,0.63,1.39,0.63,0,2.15
327,Tyrone Mings\Tyrone-Mings,DF,35.5,35.5,44.6,79.6,841.2,333.1,8.11,9.13,88.9,19.9,21.6,92.1,13,55.6,0.06,0.02,0.04,0.2,3.38,0.17,0.06,3.04
328,Tyrick Mitchell\Tyrick-Mitchell,DF,19,28.8,41,70.2,469,289.8,14.4,16.9,85.1,11.6,16.2,71.4,4.84,43.5,0.05,0.02,0.03,0.16,2.63,0.53,0.32,2.89
329,Aleksandar Mitrović\Aleksandar-Mitrovic,FW,15.6,18.7,24.6,76,254.9,39.4,11.6,14.3,81.2,4.87,6.86,71,1.54,66.7,0.19,0.17,0.03,1.41,0.77,0.83,0.06,1.28
330,Jakub Moder\Jakub-Moder,DFMF,7.2,27.8,37.2,74.6,399.2,120.8,16.4,18.8,87.4,9.86,12.5,78.9,3.33,25,0,0.03,-0.03,0.42,2.36,0.97,0,2.92
331,Jayson Molumby\Jayson-Molumby,MF,0,0,1,0,0,0,0,0,,0,0,,1,0,0,0,0,0,0,0,0,0
332,Wesley Moraes\Wesley-Moraes,MFFW,0.2,20,20,100,150,0,15,15,100,0,0,,0,,0,0,0,0,0,0,0,0
333,Wes Morgan\Wes-Morgan,DF,0.2,25,25,100,465,390,10,10,100,15,15,100,0,,0,0,0,0,0,0,0,10
334,Mason Mount\Mason-Mount,MFFW,32.1,48.2,58.6,82.3,854.6,230.6,23.8,26.4,89.9,16.9,19.5,86.4,9.38,66.1,0.16,0.24,-0.09,2.8,4.49,1.81,0.22,5.67
335,Lucas Moura\Lucas-Moura,FWMF,15.7,28.5,38.2,74.7,435.7,108,16.2,19.7,81.9,10.1,12.4,82,3.69,39.7,0.25,0.15,0.11,1.02,1.91,0.89,0.19,2.99
336,Lys Mousset\Lys-Mousset,FWMF,3.3,12.1,15.2,80,203.3,28.2,6.36,8.18,77.8,4.55,5.45,83.3,0.91,66.7,0,0.09,-0.09,0.91,1.52,0,0,0.91
337,João Moutinho\Joao-Moutinho,MF,28.1,54.8,64.7,84.8,1093.1,259.7,19.1,20.9,91.6,25.6,28,91.2,13.6,66.2,0.04,0.09,-0.06,1.67,4.16,0.68,0.21,4.38
338,Joel Mumbongo\Joel-Mumbongo,FW,0.4,12.5,15,83.3,130,0,10,10,100,2.5,2.5,100,0,,0,0,0,0,0,0,0,0
339,Jacob Murphy\Jacob-Murphy,DFMF,18.1,23,33.6,68.4,416.9,185.9,10.4,12.4,83.9,8.78,12.2,72.3,7.07,46.1,0.17,0.13,0.03,0.99,1.44,1.55,0.55,2.43
340,Shkodran Mustafi\Shkodran-Mustafi,DF,0.5,82,96,85.4,2200,420,4,4,100,62,68,91.2,24,66.7,0,0,0,0,4,0,0,8
341,Marvelous Nakamba\Marvelous-Nakamba,MF,8.3,28.2,32.9,85.7,511.2,114.5,11.9,13.5,88.4,11.9,13.4,89.2,5.18,69.8,0,0,0,0.12,1.93,0,0,1.08
342,Iliman Ndiaye\Iliman-Ndiaye,MF,0.1,30,30,100,350,160,10,10,100,10,10,100,0,,0,0,0,0,0,0,0,10
343,Wilfred Ndidi\Wilfred-Ndidi,MFDF,24.2,49.6,56.3,88.1,925.5,191.9,20,22.6,88.8,21.9,23.3,93.6,8.51,78.2,0.17,0.06,0.1,0.62,3.31,0.17,0,2.36
344,Tanguy Ndombele\Tanguy-Ndombele,MF,23.2,42.8,50.2,85.3,685.5,176.2,22.7,25.3,89.6,14.9,17.4,85.4,4.74,73.6,0.09,0.1,-0.02,0.69,3.92,0.95,0,4.35
345,Reiss Nelson\Reiss-Nelson,FW,0.8,21.3,37.5,56.7,398.8,117.5,11.3,11.3,100,7.5,11.3,66.7,11.3,22.2,0,0,0,0,2.5,1.25,0,2.5
346,Pedro Neto\Pedro-Neto,FWMF,28.3,33.7,42.8,78.8,547.7,116.7,18.1,19.8,91.4,11.2,13.8,81.3,6.54,49.7,0.21,0.22,-0.01,2.12,1.2,1.38,0.85,1.87
347,Rúben Neves\Ruben-Neves,MF,29.7,55,65.2,84.3,1296.1,290.1,14.1,16,88,26.9,29.9,90.1,18.1,75.6,0.03,0.07,-0.04,1.08,6.84,0.71,0.07,4.71
348,Eddie Nketiah\Eddie-Nketiah,FW,4.7,15.5,18.9,82,215.7,21.7,10.2,12.6,81.4,4.26,5.11,83.3,0.64,100,0.21,0.17,0.04,1.06,0.64,0.43,0,0.64
349,Niels Nkounkou\Niels-Nkounkou,DFFW,0.9,30,37.8,79.4,533.3,118.9,16.7,16.7,100,8.89,11.1,80,8.89,50,0,0,0,0,3.33,0,0,2.22
350,Dan Nlundulu\Dan-Nlundulu,FW,1.2,18.3,27.5,66.7,331.7,45.8,8.33,13.3,62.5,9.17,10,91.7,0.83,100,0,0,0,0.83,2.5,0.83,0,1.67
351,Mark Noble\Mark-Noble,MF,7.9,47.3,54.3,87.2,927,220.1,18.6,20.5,90.7,20.4,22.2,92,9.62,80.3,0,0.03,-0.03,0.63,5.19,0.76,0.38,3.16
352,Will Norris\Will-Norris,GK,2,13.5,28,48.2,775.5,696.5,0.5,0.5,100,2.5,2.5,100,25,42,0,0.05,-0.05,0.5,4,0.5,0,0.5
353,Oliver Norwood\Oliver-Norwood,MF,24.7,47.8,60,79.6,1097,301.4,14.2,16,88.8,22,25.3,87.2,18.1,62.1,0,0.07,-0.07,1.26,5.3,1.17,0.4,4.29
354,Jack O'Connell\Jack-OConnell,DF,2,30,38.5,77.9,612.5,265.5,11.5,12,95.8,12,15,80,10,60,0,0,0,0,2,1,0,3
355,Dara O'Shea\Dara-OShea,DF,23.4,24.2,36.6,66,530.4,251.1,9.27,10.8,86.1,9.44,13.2,71.8,11.5,45.4,0,0,0,0.26,2.99,0.17,0,2.44
356,Michael Obafemi\Michael-Obafemi,FW,0.7,18.6,21.4,86.7,254.3,41.4,11.4,12.9,88.9,4.29,5.71,75,1.43,100,0,0.14,-0.14,1.43,1.43,0,0,1.43
357,Denis Odoi\Denis-Odoi,DF,3,51,61.7,82.7,1055,345.3,18,20,90,24,27.3,87.8,12,69.4,0,0.03,-0.03,0.33,3.67,0.67,0.33,3.33
358,Angelo Ogbonna\Angelo-Ogbonna,DF,27.7,29.2,34.7,84.4,642.3,168.5,6.9,7.73,89.3,16.9,18.4,91.6,7.8,64.8,0,0.04,-0.04,0.11,0.97,0,0,0.94
359,Robin Olsen\Robin-Olsen,GK,7,20.3,28.4,71.4,709.6,501.1,2.71,2.71,100,7.86,7.86,100,17.7,54,0,0,0,0,0.29,0,0,0
360,Josh Onomah\Josh-Onomah,MF,4.2,35.5,39.5,89.8,572.4,112.4,17.6,19.8,89.2,13.8,14.3,96.7,4.05,70.6,0,0.02,-0.02,0.48,2.86,0.71,0,3.81
361,Divock Origi\Divock-Origi,FW,2.1,21.9,28.6,76.7,268.6,36.7,12.4,14.3,86.7,7.14,9.52,75,0.95,0,0,0.1,-0.1,0.95,0.95,0,0,0.48
362,Ben Osborn\Ben-Osborn,MFDF,17.8,37.2,47.2,78.9,582.9,210.3,22.1,24.4,90.3,11.6,13.9,83.8,6.85,41.8,0,0.12,-0.12,1.07,3.03,1.57,0.62,3.93
363,Owen Otasowie\Owen-Otasowie,MFFW,2.1,21.4,30.5,70.3,329,56.2,10.5,15.7,66.7,7.62,9.52,80,3.33,57.1,0.48,0.05,0.43,0.95,0,0,0,0.95
364,Alex Oxlade-Chamberlain\Alex-Oxlade-Chamberlain,FWMF,2.8,37.1,49.3,75.4,780.4,162.9,13.6,17.9,76,15.4,19.3,79.6,7.86,86.4,0.36,0.07,0.29,0.71,6.07,0.71,0,5.36
365,Emerson Palmieri\Emerson-Palmieri,DF,1,51,63,81,927,203,27,28,96.4,15,19,78.9,11,72.7,0,0,0,0,1,1,1,0
366,Thomas Partey\Thomas-Partey,MF,17,56.8,65.4,86.9,1102.8,301.1,22.4,24.6,90.9,24.8,27.5,90.4,11.4,73.6,0.12,0.06,0.06,0.71,7.29,0.59,0,6.35
367,Rui Patrício\Rui-Patricio,GK,37,14.5,21.6,66.8,488.7,315,2.57,2.59,99,4.38,4.49,97.6,14.3,50.9,0,0,0,0,0.14,0,0,0
368,Bailey Peacock-Farrell\Bailey-Peacock-Farrell,GK,4,14.5,28.3,51.3,802.5,676.5,0.25,0.25,100,3,3.25,92.3,24.5,45.9,0,0,0,0,1.5,0,0,0
369,Lee Peltier\Lee-Peltier,DF,2.5,19.2,30.4,63.2,358,103.2,8.4,9.2,91.3,8.8,11.2,78.6,8.4,23.8,0,0,0,0.4,1.6,0.8,0.4,0.8
370,Nicolas Pépé\Nicolas-Pepe,FW,18,28.3,37.4,75.7,413.7,81.4,16.4,19.5,84.3,9.56,11.7,81.5,3.28,47.5,0.06,0.05,0.01,0.61,0.94,0.94,0.06,2.22
371,Matheus Pereira\Matheus-Pereira,MFFW,28.6,26.7,37.3,71.8,458.8,154.7,14.3,16.6,85.7,8.15,10.6,77.2,7.9,43.4,0.21,0.19,0.02,1.99,2.24,1.5,0.31,3.32
372,Ricardo Pereira\Ricardo-Pereira,DF,10.7,38.4,49.1,78.3,618.8,209.5,19.6,22.9,85.7,15.2,18.8,81.1,4.58,55.1,0.09,0.05,0.05,0.84,1.78,1.03,0.09,4.11
373,Ayoze Pérez\Ayoze-Perez,MFFW,14.8,25.8,33.7,76.6,368.4,96,16,18.7,85.6,7.36,9.66,76.2,2.91,48.8,0.07,0.08,-0.01,1.55,1.76,1.82,0.34,3.65
374,Kalvin Phillips\Kalvin-Phillips,MF,27,44.8,54.1,82.8,1056.2,266.4,12.5,13.9,89.6,19.9,22.2,89.6,16.6,71.7,0.07,0.14,-0.07,1.26,5.15,0.59,0.11,3.85
375,Matt Phillips\Matt-Phillips,MFFW,20.3,19.4,27.9,69.3,338.4,114.6,9.85,12.1,81.6,6.55,9.21,71.1,4.83,48,0.05,0.15,-0.1,1.33,1.03,1.03,0.69,2.07
376,Nathaniel Phillips\Nathaniel-Phillips,DF,16.2,57,65.3,87.2,1231.1,380.3,16.4,17.8,91.7,30.4,32.3,94.1,14.3,68.8,0.06,0.02,0.04,0.37,4.88,0.12,0,3.7
377,Jaden Philogene Bidace\Jaden-Philogene-Bidace,FW,0,2,4,50,38,0,1,3,33.3,1,1,100,0,,0,0,0,0,0,0,0,0
378,Jordan Pickford\Jordan-Pickford,GK,30.5,25,37.8,66.1,865,609.6,5.64,5.7,98.9,8.03,8.16,98.4,23.6,46.9,0,0,0,0.03,0.98,0.03,0,0
379,Erik Pieters\Erik-Pieters,DFMF,14.1,30.8,41.1,74.8,550.6,209.9,13.3,15,88.2,13.1,15.7,83.3,8.3,41,0.07,0.04,0.04,0.43,2.34,0.28,0.07,2.2
380,Daniel Podence\Daniel-Podence,MFFW,18.5,25.8,34.4,75.2,472.5,125.8,13,15.4,84.2,8.97,11.8,75.8,5.19,66.7,0.11,0.1,0.01,1.24,2.43,1.14,0.16,3.57
381,Paul Pogba\Paul-Pogba,MFFW,21.1,52.7,63.6,82.8,1005.1,238.7,23.9,26.9,88.9,19.6,22,89,11.8,66.8,0.14,0.1,0.04,1.14,5.36,1.61,0.14,5.26
382,Nick Pope\Nick-Pope,GK,32,15.5,30.6,50.7,716.8,576.7,0.81,0.88,92.9,3.56,3.78,94.2,25.8,42.8,0,0.01,-0.01,0.09,1.06,0.03,0,0.03
383,Dennis Praet\Dennis-Praet,MFFW,8,31,39.1,79.2,484.4,106.3,16.9,18.8,90,11.5,14.9,77.3,3.75,46.7,0.13,0.1,0.03,0.88,1.25,0.88,0.25,2.5
384,Davy Pröpper\Davy-Propper,MF,2.4,30.4,40,76,590,180,10.4,13.8,75.8,16.3,20,81.3,4.58,72.7,0,0,0,0,2.92,2.08,0.42,5.42
385,Christian Pulisic\Christian-Pulisic,FWMF,19.3,28.6,35.8,80,432.9,95.3,17,19.9,85.7,9.27,11.7,79.6,2.33,66.7,0.1,0.15,-0.04,1.35,1.61,2.07,0.1,3.42
386,Aaron Ramsdale\Aaron-Ramsdale,GK,38,14.7,30,49.1,655.7,508.8,1.5,1.55,96.6,4.16,4.24,98.1,24.1,37.4,0,0.01,-0.01,0.05,1.37,0,0,0
387,Jacob Ramsey\Jacob-Ramsey,MF,7,26.9,31.4,85.5,480,102.4,12.3,14,87.8,10.1,11.4,88.8,4.29,83.3,0,0.04,-0.04,0.86,2.29,0.14,0.14,2.14
388,Kayne Ramsey\Kayne-Ramsey,DF,1,18,26,69.2,286,101,6,7,85.7,8,10,80,4,25,0,0,0,0,0,0,0,0
389,Darren Randolph\Darren-Randolph,GK,3,12,22,54.5,437,328.7,1.67,1.67,100,4.33,4.33,100,16,37.5,0,0,0,0,0,0,0,0
390,Marcus Rashford\Marcus-Rashford,FW,32.4,30.7,38.1,80.6,488.9,98,16.7,19,87.5,10.6,12.6,83.8,3.98,64.3,0.28,0.11,0.17,1.27,1.05,1.73,0.19,2.96
391,Tim Ream\Tim-Ream,DF,7,56.6,62,91.2,1241,391.7,14.6,15.1,96.2,31.4,32.6,96.5,13.4,76.6,0,0,0,0,4.43,0,0,3.43
392,Nathan Redmond\Nathan-Redmond,MFFW,19.3,29.2,38.5,75.9,483.2,120.5,14.6,17.5,83.1,11.2,14.5,77.1,3.94,65.8,0.16,0.17,-0.02,1.5,1.81,1.61,0.26,3.83
393,Harrison Reed\Harrison-Reed,MF,25,50.5,58.4,86.4,971.2,229.6,18.7,20.2,92.3,25,27.5,90.8,9.12,68,0.08,0.06,0.02,0.88,3.44,0.72,0.16,3.88
394,Sergio Reguilón\Sergio-Reguilon,DF,24.9,43.2,55.9,77.2,743.3,262.2,21.1,23.7,88.8,18.7,22.9,81.9,6.91,41.9,0.12,0.07,0.05,0.68,2.41,1.08,0.64,3.29
395,Bobby Reid\Bobby-Reid,MFDF,26.4,23.2,31.3,74.1,386.3,110.7,11.7,13.6,85.6,8.71,11.3,77.4,4.55,45,0.08,0.05,0.02,0.57,1.44,1.06,0.23,2.27
396,Declan Rice\Declan-Rice,MF,32,40.6,47.1,86.2,781.3,189.5,16.4,18.1,90.5,17.7,19.6,90.3,8.16,73.6,0.03,0.07,-0.03,0.59,3.53,0.66,0.28,2.94
397,Lewis Richardson\Lewis-Richardson,FWMF,0,0,1,0,0,0,0,1,0,0,0,,0,,0,0,0,0,0,0,0,0
398,Richarlison\Richarlison,FW,31.8,16.8,24.3,69.2,260.2,54.9,9.34,11.8,79.2,5.85,8.21,71.3,1.95,58.1,0.09,0.1,-0.01,0.79,0.75,0.44,0.03,1.32
399,Jaïro Riedewald\Jairo-Riedewald,MF,20.2,26.4,31.1,84.9,451.6,114.4,12.4,14,88.7,10.6,12.1,87.3,3.76,72.4,0,0.05,-0.05,0.54,2.28,0.4,0,2.08
400,Matt Ritchie\Matt-Ritchie,DFMF,15,27.4,40.5,67.7,531.9,232,12.3,14,87.6,9.93,13,76.4,11.9,38.8,0.13,0.1,0.03,1.6,1.8,1.2,0.87,2.47
401,Tyler Roberts\Tyler-Roberts,MFFW,14.9,22.6,31.3,72.2,355,83.2,11.9,15.3,77.6,7.52,9.73,77.2,3.69,50.9,0.13,0.12,0.01,1.01,1.68,1.48,0.07,2.89
402,Andrew Robertson\Andrew-Robertson,DF,37.6,68.3,85.5,79.9,1252.8,423.4,29.6,33.5,88.2,31.1,35.7,87.1,13.9,49.5,0.19,0.18,0,1.76,4.71,1.76,0.69,7.05
403,Antonee Robinson\Antonee-Robinson,DF,24,40.9,56.3,72.6,762.9,294.7,17.1,20.1,85.1,18.4,23.5,78.2,10.4,48,0,0.07,-0.07,1.17,1.67,1.79,1.04,3.63
404,Callum Robinson\Callum-Robinson,FWMF,17.3,18.4,26,70.9,291.6,66.8,9.88,12.1,81.4,6.01,7.69,78.2,3.64,49.2,0,0.05,-0.05,0.81,1.21,0.69,0.4,1.27
405,Jack Robinson\Jack-Robinson,DF,9.7,36.5,45.3,80.6,695.2,240.5,14.8,16.2,91.7,15.9,18.6,85.6,9.18,57.3,0.1,0.09,0.01,0.1,2.47,0.1,0,2.06
406,Hal Robson-Kanu\Hal-Robson-Kanu,FW,6.2,10.3,13.9,74.4,151.8,38.4,5.32,6.45,82.5,2.58,3.55,72.7,1.94,58.3,0,0.06,-0.06,0.97,1.13,0.32,0.16,1.45
407,Marek Rodák\Marek-Rodak,GK,2,18.5,23,80.4,479.5,268,4.5,4.5,100,7.5,7.5,100,10.5,57.1,0,0,0,0,0,0,0,0
408,Joe Rodon\Joe-Rodon,DF,8.1,45.1,50.7,88.8,960.9,229.3,12.5,13.6,91.8,25.4,27,94.1,9.63,71.8,0,0,0,0,1.11,0,0,1.23
409,Rodri\Rodri,MF,30.5,81.8,89.4,91.5,1644.8,337.6,30.8,32.7,94,36.1,38.7,93.4,16.2,86.3,0.07,0.06,0.01,0.89,7.84,0.56,0.03,5.11
410,Rodrigo\Rodrigo,MFFW,14.3,30.2,40.1,75.4,532.1,121.1,14.7,17.6,83.3,11.3,14.3,78.5,5.38,63.6,0.14,0.17,-0.03,1.96,2.73,1.4,0.28,3.99
411,James Rodríguez\James-Rodriguez,FWMF,19.6,44.8,56.7,79.1,934.9,284.9,18.3,21.2,86.5,16,18.4,86.7,14.8,65.5,0.2,0.28,-0.07,2.19,5.31,2.09,0.36,6.73
412,Jay Rodriguez\Jay-Rodriguez,FWMF,14.1,14.8,20.1,73.5,190.2,43.3,9.36,11.7,80,3.83,5.46,70.1,1.28,44.4,0.14,0.12,0.02,0.57,0.78,0.5,0.07,1.56
413,Oriol Romeu\Oriol-Romeu,MF,19.6,53.2,64.2,82.8,896.7,187,25.8,29.4,87.7,22.5,25.6,88,7.19,54.6,0.05,0.06,-0.01,0.71,3.16,0.77,0.05,4.44
414,John Ruddy\John-Ruddy,GK,1,19,24,79.2,524,323,3,3,100,7,7,100,14,64.3,0,0,0,0,0,0,0,0
415,Antonio Rüdiger\Antonio-Rudiger,DF,19,70.5,77.6,90.8,1473.2,402.6,20.6,21.3,96.5,39.3,40.8,96.1,14.3,70.5,0,0.02,-0.02,0.16,5.84,0.21,0.05,2.74
416,Mathew Ryan\Mathew-Ryan,GK,11,28.5,36.3,78.7,768.5,376.9,5.64,5.64,100,14.5,14.5,100,16.1,52,0,0,0,0,0.09,0,0,0
417,Mathew Ryan\Mathew-Ryan,GK,3,20.7,22.3,92.5,511.7,264.7,4.33,4.33,100,10.7,10.7,100,7,76.2,0,0,0,0,0,0,0,0
418,Allan Saint-Maximin\Allan-Saint-Maximin,FWMF,17.3,20.1,25.2,79.8,341.8,78.6,9.88,11.6,85.5,7.63,9.08,84.1,3.01,69.2,0.23,0.19,0.04,1.62,1.56,0.58,0.12,2.66
419,Romain Saïss\Romain-Saiss,DF,26.7,43.3,52.8,82,936.7,393.9,12.9,13.9,93,21.8,24.6,88.6,12.9,62.6,0,0.01,-0.01,0.22,3.97,0.3,0.11,3.97
420,Bukayo Saka\Bukayo-Saka,FWDF,28.4,30.5,40.7,74.9,471.4,121.2,17,19.8,85.8,10.5,12.9,81.5,5.46,38.1,0.11,0.17,-0.06,1.34,1.94,1.02,0.28,2.25
421,Mamadou Sakho\Mamadou-Sakho,DF,3.1,23.2,26.5,87.8,489.7,206.1,7.1,8.39,84.6,10.6,10.6,100,7.1,72.7,0,0,0,0,0.65,0,0,0.97
422,Mohamed Salah\Mohamed-Salah,FW,34.2,31.3,37.7,83.2,474.2,113.4,18.5,20.4,90.8,10,12,83.6,2.92,63,0.15,0.18,-0.04,1.58,1.78,2.16,0.35,4.01
423,Mohammed Salisu\Mohammed-Salisu,DF,9.4,33,40,82.4,545.6,196.8,16.3,17.9,91.1,13.4,15.7,85.1,4.26,60,0,0,0,0.11,1.7,0,0,1.91
424,Davinson Sánchez\Davinson-Sanchez,DF,16.5,51.5,59.2,86.9,1107.5,285.7,13.8,15.2,91.2,28.4,30.6,92.7,12.4,71.6,0,0,0,0,1.21,0.06,0,1.76
425,Robert Sánchez\Robert-Sanchez,GK,27,29,40.6,71.6,886.3,469.5,4.41,4.48,98.3,14.2,14.3,99.2,21.6,48.3,0,0,0,0,0.93,0,0,0.04
426,Morgan Sanson\Morgan-Sanson,MF,3.3,37,48.8,75.8,633,156.4,17,20,84.8,15.8,18.2,86.7,7.58,44,0,0.03,-0.03,0.3,2.12,0.3,0,2.73
427,Romaine Sawyers\Romaine-Sawyers,MF,16.5,36.7,43.2,85,714.9,192.2,14.1,15.8,88.9,16.8,18.9,88.8,6.97,75.7,0,0.02,-0.02,0.3,3.45,0.3,0.12,3.21
428,Dane Scarlett\Dane-Scarlett,FW,0,0,0,,0,0,0,0,,0,0,,0,,0,0,0,0,0,0,0,0
429,Fabian Schär\Fabian-Schar,DF,13.8,32.8,42.2,77.7,790.5,334.9,9.64,10.7,89.9,14.4,16.4,87.7,14.7,59.1,0,0,0,0.07,2.9,0.87,0,2.83
430,Jeffrey Schlupp\Jeffrey-Schlupp,MF,15.9,19.1,27,70.9,307.4,88.4,9.81,12.8,76.8,7.42,10,74.2,2.45,53.8,0.19,0.11,0.08,1.07,1.95,0.63,0.13,2.26
431,Kasper Schmeichel\Kasper-Schmeichel,GK,38,23.3,32.1,72.7,711.7,379.9,3.13,3.18,98.3,10.7,10.8,98.5,18,52.4,0,0,0,0,0.18,0,0,0
432,Nélson Semedo\Nelson-Semedo,DF,33.1,46.6,57.2,81.4,751.8,235.2,26.2,28.6,91.4,15.6,18.8,83.4,6.74,57.8,0.03,0.03,0,0.6,2.81,0.73,0.42,3.02
433,Femi Seriki\Femi-Seriki,DF,0,0,0,,0,0,0,0,,0,0,,0,,0,0,0,0,0,0,0,0
434,Jamie Shackleton\Jamie-Shackleton,MFDF,5.1,35.7,40.4,88.3,568.6,122.9,17.5,19.2,90.8,14.3,15.9,90.1,2.94,86.7,0,0.06,-0.06,0.39,1.37,0.39,0.2,1.37
435,Xherdan Shaqiri\Xherdan-Shaqiri,MFFW,6.2,57.4,68.7,83.6,1013.2,250,26.6,29.5,90.2,21.3,24.7,86.3,10.3,71.9,0.32,0.48,-0.16,3.06,4.03,4.19,0.81,6.29
436,Billy Sharp\Billy-Sharp,FW,8.2,10.5,15,69.9,141.2,20.5,5.61,7.2,78,3.78,5.37,70.5,0.24,0,0,0.07,-0.07,0.49,0.24,0.37,0,0.73
437,Luke Shaw\Luke-Shaw,DF,29.5,55.8,68.3,81.6,879.9,374.1,31.3,34.1,91.8,19.3,22.6,85.2,8.58,47,0.17,0.18,-0.01,2.41,2.95,1.56,0.54,5.22
438,Jonjo Shelvey\Jonjo-Shelvey,MF,29.1,36,48.7,73.8,892,264.7,10.9,12.6,86.3,14.9,17.9,83,17.3,57.7,0.1,0.09,0.01,1.31,4.54,0.79,0.17,3.78
439,Shola Shoretire\Shola-Shoretire,FW,0.1,60,80,75,840,120,40,50,80,20,20,100,0,,0,0,0,0,10,0,0,0
440,Gylfi Sigurðsson\Gylfi-Sigurdsson,MF,25,30,37.9,79.1,543.8,138.1,13.1,15.2,86.1,11.9,13.4,89,7.36,54.3,0.2,0.2,0,1.8,2.08,0.88,0.2,2.48
441,Bernardo Silva\Bernardo-Silva,MFFW,22.9,55.9,62.3,89.7,944.7,147.5,27.8,29.5,94.1,21.4,23.3,91.8,6.64,78.3,0.26,0.16,0.1,1.4,3.54,1.4,0,3.14
442,Fábio Silva\Fabio-Silva,FW,15.2,14.9,20.1,74.2,207.6,28.8,8.95,10.7,83.4,4.34,5.59,77.6,1.84,42.9,0.2,0.03,0.16,0.72,0.53,0.39,0,1.12
443,Thiago Silva\Thiago-Silva,DF,21.5,81.3,87,93.5,1769.7,552.6,21.9,22.7,96.3,44.2,45.5,97.1,17.9,82.3,0,0.01,-0.01,0.23,5.26,0.33,0,3.63
444,Moussa Sissoko\Moussa-Sissoko,MF,17.6,37.8,45,84.1,672.3,145.9,16.8,19.3,87,16.2,18,89.9,5.97,67.6,0,0.03,-0.03,0.28,2.84,0.34,0.11,2.05
445,Islam Slimani\Islam-Slimani,FW,0.2,40,55,72.7,540,80,25,30,83.3,15,25,60,0,,0,0,0,5,0,0,0,5
446,William Smallbone\William-Smallbone,MF,1.9,33.7,41.1,82.1,585.8,127.9,14.7,16.3,90.3,16.3,17.9,91.2,5.79,36.4,0,0,0,0,2.11,0.53,0,2.63
447,Emile Smith-Rowe\Emile-Smith-Rowe,MFFW,16,39.7,45.3,87.7,595.8,112.1,21.8,24.1,90.4,14.8,16.2,91.5,2.5,75,0.25,0.19,0.06,1.5,2.31,0.88,0.13,2.63
448,Robert Snodgrass\Robert-Snodgrass,FWDF,0.1,30,30,100,350,130,30,30,100,0,0,,0,,0,0,0,0,0,0,0,0
449,Robert Snodgrass\Robert-Snodgrass,MFFW,5.8,18.1,22.9,78.9,292.9,93.8,10.2,12.2,83.1,6.21,8.28,75,1.9,63.6,0,0.05,-0.05,0.52,1.55,0.86,0,2.59
450,Cédric Soares\Cedric-Soares,DF,8.3,42.3,55.8,75.8,691.2,253,24,27.3,87.7,14.2,18.7,76.1,7.47,48.4,0.12,0.11,0.01,0.72,3.49,0.84,0.24,3.25
451,Tomáš Souček\Tomas-Soucek,MF,38,31.2,40.5,76.9,574.9,145.9,13.8,17.6,78.7,12.3,15.7,78.1,5.68,75.9,0.03,0.04,-0.01,0.42,2.68,0.29,0.05,2.71
452,Çağlar Söyüncü\Caglar-Soyuncu,DF,20.2,59.5,66.9,89,1132.5,340.5,21.6,23.2,93.2,31.6,33.8,93.6,8.86,64.2,0,0.01,-0.01,0.2,3.66,0.25,0.15,3.56
453,Zack Steffen\Zack-Steffen,GK,1,23,28,82.1,512,236,8,8,100,8,8,100,12,58.3,0,0,0,0,0,0,0,0
454,Dale Stephens\Dale-Stephens,MF,2.9,35.5,42.8,83.1,653.1,182.1,15.2,16.9,89.8,13.4,15.9,84.8,7.93,73.9,0,0,0,0,2.41,1.03,0,4.14
455,Jack Stephens\Jack-Stephens,DF,17.1,49.4,59.4,83.2,1007.1,366.7,16.4,18.5,88.3,25.7,28.7,89.6,10.9,62.6,0,0.03,-0.03,0.47,3.92,0.64,0,3.51
456,Raheem Sterling\Raheem-Sterling,FW,28.2,34.1,40,85.4,456.5,85.9,22.6,24.8,91.1,9.04,10.1,89.2,1.77,62,0.25,0.17,0.08,1.35,1.35,1.03,0.18,2.2
457,Enda Stevens\Enda-Stevens,DF,30,36.9,47.6,77.5,639.2,272.5,18.6,20.3,91.3,14.1,17.6,80.2,7.93,47.1,0.03,0.05,-0.02,0.6,2.93,1,0.27,3.87
458,John Stones\John-Stones,DF,21.5,75.1,79.7,94.3,1467.5,371.7,27.6,28.8,95.8,37,38.2,96.8,11.4,85.7,0,0,0,0.09,5.26,0.19,0,3.49
459,Pascal Struijk\Pascal-Struijk,DFMF,23.1,47.5,54.5,87.1,1057.9,285.5,11.9,13.2,89.9,26.7,28.6,93.3,11.8,72.1,0,0.01,-0.01,0.22,2.08,0.09,0,2.03
460,Japhet Tanganga\Japhet-Tanganga,DF,5.4,35.7,42.4,84.3,536.7,215.4,20,22.2,90,13.3,15,88.9,3.15,41.2,0,0,0,0,1.11,0.56,0.19,2.22
461,Matt Targett\Matt-Targett,DF,37.8,43.7,56.8,77,814.3,405,19.5,21.8,89.5,17.4,21.9,79.6,10.6,54.3,0.05,0.08,-0.03,1.16,4.21,1.4,0.4,5.87
462,James Tarkowski\James-Tarkowski,DF,36,23.3,32.4,72,576.3,213.2,6.14,7.94,77.3,10.4,12.7,81.7,11.1,59.9,0,0.02,-0.02,0.28,1.92,0.36,0.06,2.11
463,Percy Tau\Percy-Tau,FWMF,1.1,20,26.4,75.9,292.7,60.9,10,13.6,73.3,9.09,10,90.9,1.82,0,0.91,0.27,0.64,2.73,0.91,0.91,0,1.82
464,Sidnei Tavares\Sidnei-Tavares,MF,0.9,21.1,28.9,73.1,343.3,57.8,12.2,17.8,68.8,7.78,8.89,87.5,1.11,100,0,0,0,0,0,0,0,1.11
465,Charlie Taylor\Charlie-Taylor,DF,27,33.6,48.1,69.9,623.7,260.6,15.9,18.2,87.4,12.9,16.9,76.5,11.2,40.1,0.04,0.07,-0.03,0.56,2.7,0.93,0.7,2.44
466,Neil Taylor\Neil-Taylor,DF,0.2,50,55,90.9,600,145,40,40,100,10,15,66.7,0,,0,0,0,0,0,0,0,0
467,Allan Tchaptchet\Allan-Tchaptchet,DF,0.1,0,20,0,0,0,0,10,0,0,0,,0,,0,0,0,0,0,0,0,0
468,Nathan Tella\Nathan-Tella,FWMF,8.3,12.9,17.6,73.3,202,37.7,7.23,8.92,81.1,3.98,4.94,80.5,1.69,64.3,0.12,0.1,0.02,0.72,0.48,0.96,0.48,0.72
469,Alex Telles\Alex-Telles,DF,7.7,59.6,74,80.5,998.7,408.6,30.5,32.5,94,21.8,25.7,84.8,13.5,41.3,0.26,0.14,0.12,1.56,4.55,1.82,0.26,6.49
470,Kenny Tete\Kenny-Tete,DF,16.5,38.9,52.3,74.4,714.2,289.8,17.1,20.3,84.2,16.2,20.6,78.5,7.82,59.7,0.06,0.1,-0.04,1.03,2.12,1.52,1.15,3.27
471,William Thomas Fish\William-Thomas-Fish,DF,0,0,1,0,0,0,0,0,,0,1,0,0,,0,0,0,0,0,0,0,0
472,Luke Thomas\Luke-Thomas,DF,10.8,33.2,44.8,74.2,521.9,181.2,19,22.2,85.4,11.7,15.4,75.9,5,40.7,0,0.02,-0.02,0.46,2.04,0.65,0.19,2.59
473,Youri Tielemans\Youri-Tielemans,MF,37.3,53.9,68.6,78.6,1039.4,267.1,21.1,23.9,88.2,24.4,28.1,86.7,14.4,52.4,0.11,0.09,0.02,1.29,5.68,1.15,0.11,5.52
474,Kieran Tierney\Kieran-Tierney,DF,25.5,44.5,58.4,76.2,818.3,238,18.8,21.6,87.3,20.4,24.5,83.4,10.6,46.9,0.12,0.16,-0.04,1.29,2.2,1.33,0.55,3.84
475,James Tomkins\James-Tomkins,DF,6.1,21.1,26.9,78.7,476.9,148.7,5.25,5.9,88.9,11,11.8,93.1,8.52,55.8,0,0.02,-0.02,0.16,1.97,0,0,0.66
476,Fikayo Tomori\Fikayo-Tomori,DF,0.5,54,58,93.1,1148,322,12,12,100,34,36,94.4,10,80,0,0,0,0,0,0,0,0
477,Ferrán Torres\Ferran-Torres,FWMF,14.5,24.8,30.5,81.4,399.5,72.1,13,15,87.1,9.52,10.9,87.3,3.31,45.8,0.14,0.13,0.01,1.24,1.1,1.03,0.14,2.34
478,Cenk Tosun\Cenk-Tosun,FW,0.5,16,20,80,302,28,8,8,100,6,6,100,4,50,0,0.2,-0.2,2,0,0,0,0
479,Andros Townsend\Andros-Townsend,MFFW,25.1,23.4,34.4,67.9,412.7,157.9,11.9,14.1,84.5,7.17,9.68,74.1,8.25,41.1,0.2,0.15,0.05,1.55,1.67,1.59,0.8,2.99
480,Conor Townsend\Conor-Townsend,DF,24.8,35.5,47.4,74.9,660.2,319.6,15,16.9,88.8,16.3,20.5,79.7,8.71,43.5,0.08,0.08,0,0.89,3.15,1.01,0.6,4.76
481,Adama Traoré\Adama-Traore,FW,29.4,19.7,29.9,65.9,322,82,10.1,13.1,77.6,7.18,10.6,67.6,3.5,50.5,0.07,0.18,-0.12,1.9,1.46,0.88,0.54,2.14
482,Bertrand Traoré\Bertrand-Traore,FW,25.7,22,31,71.1,422.3,102.6,9.61,11.8,81.3,8.33,10.7,78.1,6.96,52,0.23,0.12,0.11,1.28,1.09,1.01,0.27,2.41
483,Trézéguet\Trezeguet,FW,13,17.5,25.2,69.5,290.9,84.8,8.23,10.8,76.4,6.69,9.23,72.5,3.23,54.8,0.08,0.15,-0.08,0.92,1.69,0.46,0.23,2.15
484,Leandro Trossard\Leandro-Trossard,FWMF,29,28,37.4,74.9,538.2,149.2,11.9,14.8,80.2,11.6,14.1,82,6.03,65.1,0.17,0.15,0.02,1.59,2.72,2.21,0.52,4.28
485,Kostas Tsimikas\Kostas-Tsimikas,DF,0.1,60,80,75,1180,0,40,40,100,10,20,50,20,50,0,0,0,0,0,0,0,0
486,Axel Tuanzebe\Axel-Tuanzebe,DF,4.5,52.4,58.4,89.7,1058.4,232.7,16.9,18,93.8,27.3,29.3,93.2,9.56,81.4,0,0,0,0,2,0,0,2.22
487,Cengiz Ünder\Cengiz-Under,MFFW,3.1,29.4,41.6,70.5,501.9,161,16.1,19.7,82,9.68,12.3,78.9,6.13,52.6,0.65,0.58,0.06,1.94,1.61,3.23,1.29,3.23
488,Yan Valery\Yan-Valery,DFMF,1.1,48.2,58.2,82.8,802.7,244.5,22.7,24.5,92.6,23.6,25.5,92.9,5.45,33.3,0,0,0,0,0,1.82,0.91,1.82
489,Jamie Vardy\Jamie-Vardy,FW,31.6,9.49,14.3,66.4,141.7,22.7,5.76,8.07,71.4,2.78,4.08,68.2,1.04,60.6,0.28,0.16,0.13,0.85,0.41,0.35,0,0.79
490,Joël Veltman\Joel-Veltman,DF,25.3,45.5,58.9,77.3,900.3,359,16.3,18.6,87.5,23,28.1,81.7,10.9,54.2,0.04,0.04,0,0.83,3.79,1.38,0.51,4.78
491,Jannik Vestergaard\Jannik-Vestergaard,DF,28.6,50.5,59.9,84.3,1045.6,379.4,17.6,19,92.6,25.7,28.8,89,11.2,62.6,0,0.02,-0.02,0.24,3.43,0.31,0,2.55
492,Rúben Vinagre\Ruben-Vinagre,DF,1.9,43.2,51.6,83.7,689.5,170.5,23.2,25.3,91.7,16.3,21.1,77.5,4.74,77.8,0,0,0,0,1.05,0.53,0.53,1.05
493,Carlos Vinícius\Carlos-Vinicius,FW,3.4,7.35,12.9,56.8,101.2,16.8,2.65,5.59,47.4,2.35,3.82,61.5,1.47,40,0,0.03,-0.03,0.59,0.59,0.29,0,0.88
494,João Virgínia\Joao-Virginia,GK,0.5,18,34,52.9,620,446,2,2,100,6,6,100,26,38.5,0,0,0,0,0,0,0,0
495,Vitinha\Vitinha,MF,5.8,50,56.7,88.1,833.4,116.9,23.6,26.4,89.5,20.2,21,95.9,6.9,67.5,0.17,0.12,0.05,2.07,3.62,0.52,0,2.07
496,Jake Vokins\Jake-Vokins,DF,0.7,28.6,31.4,90.9,530,164.3,10,10,100,18.6,18.6,100,1.43,0,0,0.29,-0.29,2.86,0,2.86,1.43,4.29
497,Matěj Vydra\Matej-Vydra,FW,15.2,12.7,17.5,72.6,160.1,24.7,8.62,11.3,76.2,2.76,3.55,77.8,0.92,64.3,0.13,0.12,0.01,0.92,0.46,0.59,0.13,0.86
498,Theo Walcott\Theo-Walcott,MFFW,18,17.1,23.6,72.4,243.6,51.4,10.2,12.4,82.5,5.28,7.39,71.4,1.94,37.1,0.17,0.07,0.1,0.94,1.06,0.78,0.22,1.5
499,Theo Walcott\Theo-Walcott,FW,0.1,10,10,100,180,100,0,0,,10,10,100,0,,0,0,0,0,0,0,0,0
500,Kyle Walker\Kyle-Walker,DF,21.6,78.5,87.8,89.4,1566.7,413.9,28.8,31,93,38.4,41.2,93.4,13.8,76.5,0.05,0.02,0.02,0.32,8.94,0.56,0.09,4.95
501,Kyle Walker-Peters\Kyle-Walker-Peters,DF,29.4,44,54.9,80.3,734.3,243.6,22.3,24.3,91.6,17.1,21.2,80.9,6.63,56.4,0.07,0.05,0.02,0.58,2.01,0.54,0.07,3.13
502,Aaron Wan-Bissaka\Aaron-Wan-Bissaka,DF,34,52.2,60.7,86,789.4,280.9,29.6,32.2,92.1,19.6,22.4,87.5,3.68,56.8,0.12,0.07,0.05,0.88,2.59,0.97,0.41,3.68
503,Joel Ward\Joel-Ward,DF,25.1,31.2,42.9,72.6,524,258.1,15.6,17.8,87.5,11.8,15.7,74.7,6.81,42.7,0.04,0.02,0.02,0.28,2.43,0.4,0.08,2.75
504,James Ward-Prowse\James-Ward-Prowse,MF,38,55.7,68.9,80.8,998.7,264.8,24.7,27.4,90.3,24.1,26.6,90.4,13.1,45,0.18,0.11,0.08,1.5,4.08,0.63,0.03,4.08
505,Ollie Watkins\Ollie-Watkins,FW,37,16.4,22.5,72.8,221.4,39.2,10.7,13.7,78.1,4.51,6,75.2,1,51.4,0.14,0.11,0.02,1.14,1.08,0.68,0.08,1.22
506,Caleb Watts\Caleb-Watts,MFFW,0.4,20,32.5,61.5,402.5,102.5,10,17.5,57.1,7.5,12.5,60,2.5,100,0,0,0,0,0,2.5,2.5,0
507,Adam Webster\Adam-Webster,DF,28.8,51.5,62.3,82.7,1128.7,393,14.1,16.3,86.8,27.7,30.9,89.9,13.9,67.3,0,0.01,-0.01,0.21,4.58,0.24,0.03,3.82
508,Danny Welbeck\Danny-Welbeck,FW,17.2,12.7,15.6,81.7,172.2,35.1,8.2,9.65,84.9,3.26,3.66,88.9,0.93,75,0.06,0.13,-0.07,1.28,0.76,0.35,0.06,1.22
509,Timo Werner\Timo-Werner,FW,28.9,22.1,28.6,77.2,332.5,65.5,12.1,14.8,81.4,8.3,9.65,86,1.83,50.9,0.28,0.21,0.07,1.18,1.07,0.8,0.21,1.94
510,Ashley Westwood\Ashley-Westwood,MF,37.9,41.3,56.1,73.7,876.8,279.2,14.6,16.4,89.1,17.1,20.6,82.9,16.9,50.3,0.08,0.13,-0.05,1.29,4.78,1.93,0.32,5.33
511,Ben White\Ben-White,DFMF,35.5,41.4,49.7,83.2,867.2,265.5,13.7,15.2,90.2,20.5,23,89.3,10.6,64.3,0,0.02,-0.02,0.23,3.13,0.56,0.06,3.27
512,Georginio Wijnaldum\Georginio-Wijnaldum,MF,32.7,49.8,53.4,93.3,857.7,165.9,23.9,25.2,94.7,20.3,21.4,94.8,5.23,89.5,0,0.05,-0.05,0.67,4.28,0.64,0.03,2.84
513,Brandon Williams\Brandon-Williams,DF,2.1,57.1,66.7,85.7,981.9,352.9,29.5,31.4,93.9,21.4,26.2,81.8,6.67,85.7,0,0,0,0.48,3.81,0.95,0.48,2.86
514,Neco Williams\Neco-Williams,DF,2.8,55.7,76.1,73.2,910,311.4,28.9,32.5,89,19.3,23.6,81.8,11.8,42.4,0,0.11,-0.11,1.07,3.57,0.36,0.36,6.07
515,Rhys Williams\Rhys-Williams,DF,7.3,56.8,61.8,92,1284.1,317.3,12.5,13.7,91,31.2,32.7,95.4,14.7,86.9,0,0.05,-0.05,0.27,2.88,0.14,0,1.78
516,Willian\Willian,FWMF,15.6,40,50.4,79.3,755.4,147.4,17.9,20.3,88.3,16.3,19.4,84.2,9.68,56.3,0.32,0.16,0.16,1.86,2.18,1.92,0.64,3.14
517,Joe Willock\Joe-Willock,MF,2.6,26.5,35,75.8,414.6,107.3,13.5,16.2,83.3,10.8,13.1,82.4,3.46,33.3,0,0,0,0.77,3.46,1.54,0.38,2.31
518,Joe Willock\Joe-Willock,MF,10.9,16.5,21.5,76.9,273.7,104.6,8.17,9.36,87.3,5.78,7.52,76.8,3.03,54.5,0,0.06,-0.06,0.73,1.74,0.64,0.18,2.57
519,Callum Wilson\Callum-Wilson,FW,23.2,11,15.8,69.7,151.8,29.5,6.38,8.53,74.7,3.49,4.53,77.1,0.6,64.3,0.22,0.09,0.12,0.6,0.43,0.56,0,0.86
520,Harry Winks\Harry-Winks,MF,9.6,57.7,68.5,84.2,1091,307.4,24,26.3,91.3,25.3,28.1,90,11.5,65.5,0,0.03,-0.03,0.52,7.6,0.63,0,5.63
521,Chris Wood\Chris-Wood,FW,30.5,14.4,21.6,66.9,191.7,30,8.95,12.5,71.7,4.16,6.13,67.9,0.75,56.5,0.1,0.07,0.03,0.75,0.79,0.16,0,1.11
522,Granit Xhaka\Granit-Xhaka,MFDF,28,69.5,77.3,89.9,1405.5,366.3,25.1,27.4,91.5,32.6,34.8,93.5,13.4,82.9,0.07,0.06,0.01,0.64,9.57,1.04,0.04,7.61
523,Andriy Yarmolenko\Andriy-Yarmolenko,FWMF,4.2,29.5,37.4,79,513.8,139,16.7,18.8,88.6,8.57,11.9,72,5.71,70.8,0.24,0.24,0,1.19,2.38,1.43,0.48,2.62
524,DeAndre Yedlin\DeAndre-Yedlin,DF,4.8,23.1,35.8,64.5,366.7,168.5,12.7,15.8,80.3,7.5,11.5,65.5,6.46,35.5,0,0.02,-0.02,0.63,1.04,1.25,0.21,2.71
525,Okay Yokuşlu\Okay-Yokuslu,MF,14.6,30.2,36.3,83.2,524.9,155,14.5,16.2,89.4,10.4,12.7,81.7,5.21,77.6,0.07,0.04,0.03,0.34,1.85,0.21,0,2.88
526,Wilfried Zaha\Wilfried-Zaha,FW,29,20.3,26.8,75.8,307.9,76.6,12,14.7,81.5,6.14,7.52,81.7,2.38,60.9,0.07,0.11,-0.04,0.93,1,1.24,0.17,2.48
527,Andre-Frank Zambo Anguissa\Andre-Frank-Zambo-Anguissa,MF,28.7,41.7,49.1,84.9,715.3,170.5,19.2,22,87.5,18.5,20.5,90,4.6,68.2,0.1,0.08,0.03,0.94,4.67,0.8,0.17,3.97
528,Andi Zeqiri\Andi-Zeqiri,FWDF,1.9,10.5,22.6,46.5,162.1,44.2,5.79,9.47,61.1,3.68,6.84,53.8,4.21,12.5,0,0.05,-0.05,0.53,1.05,0.53,0.53,2.11
529,Oleksandr Zinchenko\Oleksandr-Zinchenko,DF,16.4,81.2,89.9,90.2,1329.6,369,42.5,44.8,95,31.8,34.6,92.1,8.48,68.3,0,0.08,-0.08,0.79,6.59,0.85,0,5.67
530,Hakim Ziyech\Hakim-Ziyech,FWMF,13,42.2,56.5,74.7,724.1,196.2,20.9,24.3,86.1,15.2,18.2,83.5,10.8,44.7,0.23,0.28,-0.05,2.62,3.62,2.46,0.46,5.38
531,Kurt Zouma\Kurt-Zouma,DF,22.5,70.2,76.4,91.9,1511.4,393.9,19.4,20.3,95.4,39.1,41.1,95.1,14.2,79.6,0,0,0,0.09,4.27,0.13,0,2.93
532,Martin Ødegaard\Martin-Odegaard,MF,9.6,46.9,54.3,86.4,762.4,185,23.3,24.4,95.7,17.4,19.7,88.4,7.08,58.8,0.21,0.22,-0.01,2.19,3.54,1.88,0.1,5