id,isResult,side,h/id,h/title,h/short_title,a/id,a/title,a/short_title,goals/h,goals/a,xG/h,xG/a,datetime,forecast/w,forecast/d,forecast/l,result
467,true,h,88,Manchester City,MCI,77,Sunderland,SUN,2,1,1.95479,1.09877,2016-08-13 20:30:00,0.572653180326431,0.21786784763689343,0.20947896917031741,w
472,true,a,85,Stoke,STO,88,Manchester City,MCI,1,4,1.31066,2.17198,2016-08-20 15:30:00,0.22546068547460188,0.20407093390321704,0.5704683692378633,w
490,true,h,88,Manchester City,MCI,81,West Ham,WHU,3,1,3.21624,1.08385,2016-08-28 19:00:00,0.7868693064280088,0.12205609664328847,0.09107303783848102,w
491,true,a,89,Manchester United,MUN,88,Manchester City,MCI,1,2,1.01013,1.88688,2016-09-10 15:30:00,0.19880184815510496,0.2224787306231793,0.5787194194255731,w
504,true,h,88,Manchester City,MCI,73,Bournemouth,BOU,4,0,3.38733,0.389672,2016-09-17 18:00:00,0.9160939704851033,0.06466659147725624,0.01923654169349987,w
515,true,a,84,Swansea,SWA,88,Manchester City,MCI,1,3,1.11096,2.57704,2016-09-24 15:00:00,0.1430245072304171,0.16752611996898056,0.6894492712924379,w
529,true,a,82,Tottenham,TOT,88,Manchester City,MCI,2,0,1.69975,0.909513,2016-10-02 17:15:00,0.5602058503202665,0.2396505469999292,0.2001436022335455,l
534,true,h,88,Manchester City,MCI,72,Everton,EVE,1,1,2.69208,0.144498,2016-10-15 18:00:00,0.9052939448583082,0.08374750556223558,0.01095837391752387,d
549,true,h,88,Manchester City,MCI,74,Southampton,SOU,1,1,1.15321,0.563752,2016-10-23 16:30:00,0.502766115286869,0.31678726463253765,0.18044662007838688,d
2680,true,a,76,West Bromwich Albion,WBA,88,Manchester City,MCI,0,4,0.596605,2.48018,2016-10-29 18:00:00,0.06932379931626492,0.1441260005503625,0.786550137623924,w
2689,true,h,88,Manchester City,MCI,93,Middlesbrough,MID,1,1,2.49606,0.208762,2016-11-05 19:00:00,0.8736754887884107,0.10654507036115081,0.01977937306685509,d
2703,true,a,78,Crystal Palace,CRY,88,Manchester City,MCI,1,2,0.431559,1.39421,2016-11-19 19:00:00,0.11367668930134363,0.27361340789379157,0.6127099027745052,w
2707,true,a,92,Burnley,BUR,88,Manchester City,MCI,1,2,0.475642,2.25698,2016-11-26 16:30:00,0.06287360720564428,0.15601208065578312,0.7811142934491054,w
3105,true,h,88,Manchester City,MCI,80,Chelsea,CHE,1,3,2.24061,1.2848,2016-12-03 16:30:00,0.5899567616027639,0.1986392649906697,0.2114039563837885,l
3120,true,a,75,Leicester,LEI,88,Manchester City,MCI,4,2,2.60583,0.970372,2016-12-10 21:30:00,0.7241227394930085,0.15823424243839843,0.11764290131359956,l
3132,true,h,88,Manchester City,MCI,90,Watford,WAT,2,0,1.62359,0.497462,2016-12-15 00:00:00,0.6519904105792413,0.238151046217622,0.1098585429623227,w
3142,true,h,88,Manchester City,MCI,83,Arsenal,ARS,2,1,1.5186,0.609893,2016-12-18 20:00:00,0.5942476858242143,0.2575556542040507,0.14819665987431077,w
3152,true,a,91,Hull,HUL,88,Manchester City,MCI,0,3,0.350069,2.22237,2016-12-26 21:15:00,0.04529934308337155,0.14834885592263589,0.8063517856870559,w
3162,true,a,87,Liverpool,LIV,88,Manchester City,MCI,1,0,0.256825,0.352445,2016-12-31 21:30:00,0.16622003650824327,0.5940909299939706,0.23968903349778622,l
3332,true,h,88,Manchester City,MCI,92,Burnley,BUR,2,1,0.617412,0.642111,2017-01-02 15:00:00,0.28831137897099746,0.4079511800885385,0.30373744094046345,w
3348,true,a,72,Everton,EVE,88,Manchester City,MCI,4,0,0.572528,0.569286,2017-01-15 17:30:00,0.28500592294520144,0.4320815066595876,0.2829125703952109,l
3356,true,h,88,Manchester City,MCI,82,Tottenham,TOT,2,2,2.52702,1.12391,2017-01-21 20:30:00,0.6781888177461297,0.17190131077595933,0.14990979223421777,d
3367,true,a,81,West Ham,WHU,88,Manchester City,MCI,0,4,0.49472,2.66472,2017-02-01 22:45:00,0.047460479558069514,0.11978966520047904,0.8327497006641047,w
3378,true,h,88,Manchester City,MCI,84,Swansea,SWA,2,1,2.87972,0.11445,2017-02-05 13:30:00,0.9248968974342896,0.06799392150480876,0.007108775443398852,w
3389,true,a,73,Bournemouth,BOU,88,Manchester City,MCI,0,2,0.152385,2.953,2017-02-13 20:00:00,0.009117325412766504,0.06735517261831445,0.9235269494465044,w
3404,true,a,77,Sunderland,SUN,88,Manchester City,MCI,0,2,0.737758,2.48022,2017-03-05 16:00:00,0.09041176621674173,0.15445815926524206,0.7551300119957608,w
3418,true,h,88,Manchester City,MCI,85,Stoke,STO,0,0,1.3049,0.337194,2017-03-08 20:00:00,0.6164764537953357,0.288587873781525,0.09493567241091577,d
3426,true,h,88,Manchester City,MCI,87,Liverpool,LIV,1,1,2.55464,1.94116,2017-03-19 16:30:00,0.5172089863812278,0.18724036513945366,0.2955505549495178,d
3430,true,a,83,Arsenal,ARS,88,Manchester City,MCI,2,2,0.738497,1.40021,2017-04-02 16:00:00,0.1974247075645225,0.27497921744991505,0.5275960749533599,d
3448,true,a,80,Chelsea,CHE,88,Manchester City,MCI,2,1,1.36933,2.2614,2017-04-05 20:00:00,0.22553985506229765,0.19872277774185515,0.5757373480049054,l
3457,true,h,88,Manchester City,MCI,91,Hull,HUL,3,1,2.33731,0.358364,2017-04-08 15:00:00,0.8207584856117164,0.13703296615855223,0.04220851891878151,w
3462,true,a,74,Southampton,SOU,88,Manchester City,MCI,0,3,0.616753,2.74188,2017-04-15 17:30:00,0.059087550864780666,0.12367091434093833,0.8172413139727345,w
3398,true,h,88,Manchester City,MCI,89,Manchester United,MUN,0,0,1.41537,0.421251,2017-04-27 20:00:00,0.6215440059903466,0.2695026684928584,0.10895332547948208,d
3483,true,a,93,Middlesbrough,MID,88,Manchester City,MCI,2,2,1.17715,3.10725,2017-04-30 14:05:00,0.11015496328695051,0.13400003827626,0.7558439702859839,d
3497,true,h,88,Manchester City,MCI,78,Crystal Palace,CRY,5,0,2.69837,0.241571,2017-05-06 12:30:00,0.8871558068972275,0.09337113631721826,0.019472875922913472,w
3503,true,h,88,Manchester City,MCI,75,Leicester,LEI,2,1,1.98776,1.62503,2017-05-13 12:30:00,0.4652133099936885,0.21555961007248156,0.3192270761190243,w
3477,true,h,88,Manchester City,MCI,76,West Bromwich Albion,WBA,3,1,2.58035,0.387741,2017-05-16 20:00:00,0.8450495341991943,0.11721524082955091,0.03773512180821249,w
3519,true,a,90,Watford,WAT,88,Manchester City,MCI,0,5,0.826124,3.26614,2017-05-21 15:00:00,0.059445851430674226,0.1029937092244333,0.8375585637652825,w
7126,true,a,220,Brighton,BRI,88,Manchester City,MCI,0,2,0.276343,1.86751,2017-08-12 17:30:00,0.04729383857990976,0.1859533045492745,0.7667528553045556,w
7138,true,h,88,Manchester City,MCI,72,Everton,EVE,1,1,1.14216,0.59971,2017-08-21 20:00:00,0.4892103256753019,0.317374977612564,0.19341469671020442,d
7139,true,a,73,Bournemouth,BOU,88,Manchester City,MCI,1,2,0.415402,1.76626,2017-08-26 12:30:00,0.080452322119983,0.2121402804255729,0.7074073967085769,w
7149,true,h,88,Manchester City,MCI,87,Liverpool,LIV,5,0,3.14589,0.665186,2017-09-09 12:30:00,0.8529626274827831,0.0990758731796111,0.047960305223834,w
7164,true,a,90,Watford,WAT,88,Manchester City,MCI,0,6,0.803933,3.99349,2017-09-16 15:00:00,0.03353994299607075,0.06532239522334325,0.9011180942218048,w
7173,true,h,88,Manchester City,MCI,78,Crystal Palace,CRY,5,0,5.72543,0.611018,2017-09-23 15:00:00,0.977523923306375,0.016019215455976787,0.005566484505023818,w
7185,true,a,80,Chelsea,CHE,88,Manchester City,MCI,0,1,0.911532,1.23068,2017-09-30 17:30:00,0.2736757130618148,0.2909640045617318,0.4353602823709295,w
7194,true,h,88,Manchester City,MCI,85,Stoke,STO,7,2,4.45388,0.681236,2017-10-14 15:00:00,0.9388842954563364,0.04284185786295476,0.01820800343764314,w
7202,true,h,88,Manchester City,MCI,92,Burnley,BUR,3,0,3.71812,0.14859,2017-10-21 15:00:00,0.9614625729614412,0.03418719743515903,0.004341594403558068,w
7215,true,a,76,West Bromwich Albion,WBA,88,Manchester City,MCI,2,3,1.11852,2.77085,2017-10-28 15:00:00,0.12738990737595068,0.15362858423049358,0.718981256709931,w
7228,true,h,88,Manchester City,MCI,83,Arsenal,ARS,3,1,2.15028,0.340407,2017-11-05 14:15:00,0.7977997981562156,0.15554185544934876,0.04665833641385003,w
7235,true,a,75,Leicester,LEI,88,Manchester City,MCI,0,2,0.0970457,2.40056,2017-11-18 15:00:00,0.009384078085591495,0.10259618926893287,0.8880196913906983,w
7245,true,a,219,Huddersfield,HUD,88,Manchester City,MCI,1,2,0.537698,2.66178,2017-11-26 16:00:00,0.052810449495860806,0.12367587183198346,0.8235135262184143,w
7257,true,h,88,Manchester City,MCI,74,Southampton,SOU,2,1,1.64952,1.7066,2017-11-29 20:00:00,0.37407320890415147,0.22798984429179098,0.3979369460350114,w
7262,true,h,88,Manchester City,MCI,81,West Ham,WHU,2,1,2.45603,0.474483,2017-12-03 16:00:00,0.8104265557876169,0.13620830358930358,0.053365085423698375,w
7276,true,a,89,Manchester United,MUN,88,Manchester City,MCI,1,2,1.43756,2.03041,2017-12-10 16:30:00,0.2721177467053521,0.21456665332332445,0.5133155952058951,w
7281,true,a,84,Swansea,SWA,88,Manchester City,MCI,0,4,0.589496,3.56828,2017-12-13 19:45:00,0.029198135102500127,0.07047184473159851,0.9003246705158955,w
7298,true,h,88,Manchester City,MCI,82,Tottenham,TOT,4,1,4.14588,0.182456,2017-12-16 17:30:00,0.9710144048133252,0.025219605467643243,0.0037361632700760963,w
7308,true,h,88,Manchester City,MCI,73,Bournemouth,BOU,4,0,1.55724,0.334896,2017-12-23 15:00:00,0.6837342754746238,0.24023112500175164,0.07603459938662664,w
7315,true,a,86,Newcastle United,NEW,88,Manchester City,MCI,0,1,0.174705,1.93187,2017-12-27 19:45:00,0.02724489671620592,0.16631014313352185,0.806444957697905,w
7321,true,a,78,Crystal Palace,CRY,88,Manchester City,MCI,0,0,1.72153,1.09586,2017-12-31 12:00:00,0.5201501621814832,0.23824501838041365,0.24160481890778915,d
7335,true,h,88,Manchester City,MCI,90,Watford,WAT,3,1,2.77398,0.965283,2018-01-02 20:00:00,0.7506742797473014,0.14507873437746496,0.10424673063565856,w
7343,true,a,87,Liverpool,LIV,88,Manchester City,MCI,4,3,1.01595,0.722959,2018-01-14 16:00:00,0.41556544638604054,0.3304942784227568,0.2539402751908252,l
7354,true,h,88,Manchester City,MCI,86,Newcastle United,NEW,3,1,2.5505,0.992018,2018-01-20 17:30:00,0.7105675127121539,0.1637834714274457,0.12564892678681577,w
7366,true,h,88,Manchester City,MCI,76,West Bromwich Albion,WBA,3,0,2.68955,0.118043,2018-01-31 20:00:00,0.9101127707920221,0.08108565075987234,0.008801404839611941,w
7372,true,a,92,Burnley,BUR,88,Manchester City,MCI,1,1,0.795971,2.24914,2018-02-03 12:30:00,0.11737111087702083,0.1794209034135885,0.703207967840758,d
7382,true,h,88,Manchester City,MCI,75,Leicester,LEI,5,1,2.59121,0.109716,2018-02-10 17:30:00,0.9034428120039664,0.08763230341012998,0.008924775815602044,w
7389,true,a,83,Arsenal,ARS,88,Manchester City,MCI,0,3,1.30172,1.92605,2018-03-01 19:45:00,0.25819601592450153,0.221716149154477,0.5200878325526261,w
7404,true,h,88,Manchester City,MCI,80,Chelsea,CHE,1,0,0.953312,0.118301,2018-03-04 16:00:00,0.5723917633449015,0.3821797273158104,0.04542850933913559,w
7416,true,a,85,Stoke,STO,88,Manchester City,MCI,0,2,0.157023,1.64562,2018-03-12 20:00:00,0.0317102602098042,0.21029539998103855,0.7579943395203763,w
7433,true,a,72,Everton,EVE,88,Manchester City,MCI,1,3,0.859628,1.91312,2018-03-31 17:30:00,0.16260975563100213,0.21608142713378495,0.6213088150792971,w
7445,true,h,88,Manchester City,MCI,89,Manchester United,MUN,2,3,3.42967,1.21683,2018-04-07 16:30:00,0.7891414735689497,0.11679365400410809,0.09406151665802537,l
7457,true,a,82,Tottenham,TOT,88,Manchester City,MCI,1,3,0.445014,3.61987,2018-04-14 18:45:00,0.018914298733820868,0.058158955050997815,0.9229204196843959,w
7465,true,h,88,Manchester City,MCI,84,Swansea,SWA,5,0,3.41675,0.297493,2018-04-22 15:30:00,0.9305367133484768,0.05620275229343638,0.013257325238992795,w
7478,true,a,81,West Ham,WHU,88,Manchester City,MCI,1,4,0.228917,2.29076,2018-04-29 13:15:00,0.026392868675625115,0.12855810683278077,0.8450490018581542,w
7480,true,h,88,Manchester City,MCI,219,Huddersfield,HUD,0,0,0.78641,0.54565,2018-05-06 13:30:00,0.3785084490239549,0.38993248884896164,0.2315590621270736,d
7424,true,h,88,Manchester City,MCI,220,Brighton,BRI,3,1,1.64765,1.00939,2018-05-09 20:00:00,0.5229591401438269,0.24530631535921657,0.23173454420299955,w
7498,true,a,74,Southampton,SOU,88,Manchester City,MCI,0,1,0.506624,0.765614,2018-05-13 15:00:00,0.21977423902849613,0.39989338085613463,0.3803323801153626,w
9206,true,a,83,Arsenal,ARS,88,Manchester City,MCI,0,2,0.445187,2.0178,2018-08-12 18:00:00,0.07071540321554551,0.18069609931028593,0.7485884931252346,w
9213,true,h,88,Manchester City,MCI,219,Huddersfield,HUD,6,1,4.60356,0.663731,2018-08-19 15:30:00,0.9464344521684128,0.0379261477293494,0.015545170585963539,w
9217,true,a,229,Wolverhampton Wanderers,WOL,88,Manchester City,MCI,1,1,1.26376,1.84293,2018-08-25 14:30:00,0.262268503840609,0.22786991415782765,0.5098615806800411,d
9234,true,h,88,Manchester City,MCI,86,Newcastle United,NEW,2,1,2.46904,0.554763,2018-09-01 16:30:00,0.7942863075380588,0.1417941981965639,0.0639194352305359,w
9239,true,h,88,Manchester City,MCI,228,Fulham,FLH,3,0,4.91621,0.342698,2018-09-15 14:00:00,0.9770434509946113,0.018422949861091227,0.004344012547745681,w
9252,true,a,227,Cardiff,CAR,88,Manchester City,MCI,0,5,0.0980726,3.08415,2018-09-22 14:00:00,0.004944254793173577,0.05502538795266228,0.9400294181263847,w
9260,true,h,88,Manchester City,MCI,220,Brighton,BRI,2,0,2.90697,0.23023,2018-09-29 14:00:00,0.9070377608997032,0.07769075443903564,0.015271029135432707,w
9276,true,a,87,Liverpool,LIV,88,Manchester City,MCI,0,0,0.433994,1.07481,2018-10-07 15:30:00,0.14822126121715526,0.3370167609716945,0.514761977810325,d
9281,true,h,88,Manchester City,MCI,92,Burnley,BUR,5,0,4.48577,0.370236,2018-10-20 14:00:00,0.96571838474323,0.0271708689278439,0.007039579995053496,w
9296,true,a,82,Tottenham,TOT,88,Manchester City,MCI,0,1,0.442436,1.93588,2018-10-29 19:00:00,0.075076420913619,0.19082005454323625,0.7341035220227212,w
9300,true,h,88,Manchester City,MCI,74,Southampton,SOU,6,1,2.76272,1.81466,2018-11-04 15:00:00,0.579177425472287,0.17631076697819753,0.24451156382918762,w
9315,true,h,88,Manchester City,MCI,89,Manchester United,MUN,3,1,2.02764,0.97089,2018-11-11 16:30:00,0.6184606492009381,0.20829872261420374,0.1732406235491194,w
9317,true,a,81,West Ham,WHU,88,Manchester City,MCI,0,4,0.829504,2.95852,2018-11-24 15:00:00,0.07459570138147927,0.12316135014651283,0.8022423831488158,w
9329,true,h,88,Manchester City,MCI,73,Bournemouth,BOU,3,1,2.83557,0.715009,2018-12-01 15:00:00,0.8092324833936555,0.12397438874371175,0.06679279272325794,w
9341,true,a,90,Watford,WAT,88,Manchester City,MCI,1,2,1.672,2.51933,2018-12-04 20:00:00,0.24998219835886878,0.18718384376039265,0.5628338812800653,w
9352,true,a,80,Chelsea,CHE,88,Manchester City,MCI,2,0,0.526329,0.740048,2018-12-08 17:30:00,0.23216373906925586,0.40279881721754507,0.3650374437131949,l
9361,true,h,88,Manchester City,MCI,72,Everton,EVE,3,1,1.79848,1.6235,2018-12-15 12:30:00,0.4238326822001121,0.22477461361700973,0.35139270299294745,w
9370,true,h,88,Manchester City,MCI,78,Crystal Palace,CRY,2,3,1.27118,1.14609,2018-12-22 15:00:00,0.39283653701650645,0.2747796645910395,0.33238379838191284,l
9382,true,a,75,Leicester,LEI,88,Manchester City,MCI,2,1,1.55714,1.34781,2018-12-26 15:00:00,0.42361042382172187,0.24601831816651099,0.3303712578558081,l
9389,true,a,74,Southampton,SOU,88,Manchester City,MCI,1,3,0.221381,2.96802,2018-12-30 14:15:00,0.013805140829579518,0.07305005082628381,0.9131442203640581,w
9400,true,h,88,Manchester City,MCI,87,Liverpool,LIV,2,1,1.00357,1.3801,2019-01-03 20:00:00,0.27319365379182386,0.2715778463674039,0.4552284998140485,w
9409,true,h,88,Manchester City,MCI,229,Wolverhampton Wanderers,WOL,3,0,3.11947,0.0985446,2019-01-14 20:00:00,0.9418732542880184,0.05332007312980552,0.004805594340077243,w
9423,true,a,219,Huddersfield,HUD,88,Manchester City,MCI,0,3,0.764264,2.01376,2019-01-20 13:30:00,0.1322925213998652,0.2015787693429227,0.6661287050211844,w
9434,true,a,86,Newcastle United,NEW,88,Manchester City,MCI,2,1,0.992326,1.33896,2019-01-29 20:00:00,0.27730601925279436,0.27605248366561597,0.4466414970638924,l
9439,true,h,88,Manchester City,MCI,83,Arsenal,ARS,3,1,3.03102,0.703542,2019-02-03 16:30:00,0.8341847584233757,0.10933442428486827,0.05648005719000544,w
9461,true,a,72,Everton,EVE,88,Manchester City,MCI,0,2,0.111559,2.60922,2019-02-06 19:45:00,0.008932709879962418,0.08642368889441376,0.9046434825452546,w
9454,true,h,88,Manchester City,MCI,80,Chelsea,CHE,6,0,4.04218,0.901867,2019-02-10 16:00:00,0.8922398688938316,0.0689051098641579,0.038832581416420035,w
9475,true,h,88,Manchester City,MCI,81,West Ham,WHU,1,0,3.67741,0.400125,2019-02-27 20:00:00,0.9316851813250816,0.05270904954746948,0.015598168417298912,w
9486,true,a,73,Bournemouth,BOU,88,Manchester City,MCI,0,1,0,1.59515,2019-03-02 15:00:00,0,0.2028780945058755,0.797121905304426,w
9489,true,h,88,Manchester City,MCI,90,Watford,WAT,3,1,3.75714,0.407168,2019-03-09 17:30:00,0.934946711393333,0.05010885829765952,0.014934688038879056,w
9512,true,a,228,Fulham,FLH,88,Manchester City,MCI,0,2,0.661491,2.31513,2019-03-30 12:30:00,0.08925785105854686,0.16449852464918518,0.746243598358859,w
9522,true,h,88,Manchester City,MCI,227,Cardiff,CAR,2,0,3.53913,0.135788,2019-04-03 19:45:00,0.9562918187340401,0.03907895769983341,0.004624364293886452,w
9534,true,a,78,Crystal Palace,CRY,88,Manchester City,MCI,1,3,0.318169,2.86236,2019-04-14 14:05:00,0.02335379336751465,0.08895808576416739,0.8876877444174702,w
9540,true,h,88,Manchester City,MCI,82,Tottenham,TOT,1,0,2.06185,1.19894,2019-04-20 12:30:00,0.5725297361445408,0.21062825093846374,0.21684200714180757,w
9501,true,a,89,Manchester United,MUN,88,Manchester City,MCI,0,2,0.514509,0.530481,2019-04-24 20:00:00,0.26747459158175174,0.4544380163505862,0.2780873920676617,w
9555,true,a,92,Burnley,BUR,88,Manchester City,MCI,0,1,0.0899809,2.34878,2019-04-28 14:05:00,0.009102349668806829,0.1067104947033896,0.884187124417677,w
9560,true,h,88,Manchester City,MCI,75,Leicester,LEI,1,0,1.08617,0.537307,2019-05-06 19:00:00,0.4885597844463229,0.3302279344568285,0.1812122810958917,w
9576,true,a,220,Brighton,BRI,88,Manchester City,MCI,1,4,0.595313,2.22234,2019-05-12 14:00:00,0.08434535725740937,0.16911080169055473,0.7465438257477718,w
11644,true,a,81,West Ham,WHU,88,Manchester City,MCI,0,5,1.2003,3.18377,2019-08-10 12:30:00,0.10787829558146067,0.13043295740572688,0.7616873672401201,w
11659,true,h,88,Manchester City,MCI,82,Tottenham,TOT,2,2,3.20076,0.074542,2019-08-17 17:30:00,0.9493361552831221,0.04737799558940912,0.0032843779810223894,d
11671,true,a,73,Bournemouth,BOU,88,Manchester City,MCI,1,3,1.89345,3.12856,2019-08-25 14:00:00,0.21459251925327902,0.15957163430481683,0.6258347276460056,w
11678,true,h,88,Manchester City,MCI,220,Brighton,BRI,4,0,2.30818,0.861035,2019-08-31 15:00:00,0.6985414930442955,0.1774913302568921,0.12396715174842797,w
11689,true,a,79,Norwich,NOR,88,Manchester City,MCI,3,2,1.7413,2.34436,2019-09-14 16:30:00,0.2877079515175896,0.19684662085969867,0.5154453965406504,l
11695,true,h,88,Manchester City,MCI,90,Watford,WAT,8,0,6.63049,0.344718,2019-09-21 14:00:00,0.9908256590294315,0.004650850424464391,0.0009846551085815323,w
11711,true,a,72,Everton,EVE,88,Manchester City,MCI,1,3,2.35854,3.1082,2019-09-28 16:30:00,0.2933422504232279,0.16707099334135114,0.5395856913560166,w
11716,true,h,88,Manchester City,MCI,229,Wolverhampton Wanderers,WOL,0,2,1.61884,1.18825,2019-10-06 14:00:00,0.47386895010673197,0.24587189951326743,0.2802591501451737,l
11726,true,a,78,Crystal Palace,CRY,88,Manchester City,MCI,0,2,0.616864,4.02104,2019-10-19 17:30:00,0.021861983785762717,0.0533759235001927,0.9247409427180661,w
11737,true,h,88,Manchester City,MCI,71,Aston Villa,AVL,3,0,3.19004,0.980145,2019-10-26 12:30:00,0.8022955249056855,0.11754629422066779,0.08015676799308127,w
11749,true,h,88,Manchester City,MCI,74,Southampton,SOU,2,1,3.36132,0.893889,2019-11-02 15:00:00,0.8359384712134347,0.10181596881739212,0.06224291714036699,w
11755,true,a,87,Liverpool,LIV,88,Manchester City,MCI,3,1,1.3319,1.48104,2019-11-10 16:30:00,0.3406073860576098,0.25134269211808835,0.40804992173879817,l
11769,true,h,88,Manchester City,MCI,80,Chelsea,CHE,2,1,1.23596,0.820474,2019-11-23 17:30:00,0.45944875566466364,0.2944521211284817,0.24609912320106184,w
11777,true,a,86,Newcastle United,NEW,88,Manchester City,MCI,2,2,0.208252,2.44389,2019-11-30 12:30:00,0.020680462086768468,0.11121254754035959,0.8681069385470257,d
11784,true,a,92,Burnley,BUR,88,Manchester City,MCI,1,4,0.486548,2.56057,2019-12-03 20:15:00,0.05056476039673149,0.1278573045923915,0.8215778413924449,w
11797,true,h,88,Manchester City,MCI,89,Manchester United,MUN,1,2,2.07108,1.63385,2019-12-07 17:30:00,0.4812111253950325,0.21118880195645837,0.3076000662677499,l
11803,true,a,83,Arsenal,ARS,88,Manchester City,MCI,0,3,0.28161,1.69553,2019-12-15 16:30:00,0.05611346215199313,0.2129019611093712,0.7309845763070943,w
11817,true,h,88,Manchester City,MCI,75,Leicester,LEI,3,1,3.59139,1.01388,2019-12-21 17:30:00,0.8394796650709366,0.09650473150888726,0.06400983416305601,w
11832,true,a,229,Wolverhampton Wanderers,WOL,88,Manchester City,MCI,3,2,2.39405,1.52044,2019-12-27 19:45:00,0.5698183112375143,0.19244696082601168,0.23773468798928185,l
11837,true,h,88,Manchester City,MCI,238,Sheffield United,SHE,2,0,1.08628,1.23346,2019-12-29 18:00:00,0.32317508126755423,0.28127612294139415,0.39554879578447877,w
11848,true,h,88,Manchester City,MCI,72,Everton,EVE,2,1,1.79757,0.848942,2020-01-01 17:30:00,0.5983342677948098,0.2280761329789163,0.1735895982833286,w
11856,true,a,71,Aston Villa,AVL,88,Manchester City,MCI,1,6,1.12565,3.75131,2020-01-12 16:30:00,0.06758255803749938,0.09471100227423555,0.8376968704416721,w
11864,true,h,88,Manchester City,MCI,78,Crystal Palace,CRY,2,2,2.47314,0.586716,2020-01-18 15:00:00,0.7877398051867943,0.14398610748565474,0.06827402703482474,d
11875,true,a,238,Sheffield United,SHE,88,Manchester City,MCI,0,1,0.774943,2.873,2020-01-21 19:30:00,0.0723527196125727,0.12550653953535854,0.8021403467582021,w
11890,true,a,82,Tottenham,TOT,88,Manchester City,MCI,2,0,0.420293,3.25139,2020-02-02 16:30:00,0.023806219479698024,0.07402905835657159,0.9021629456445676,l
11898,true,h,88,Manchester City,MCI,81,West Ham,WHU,2,0,2.13777,0.0895892,2020-02-19 19:30:00,0.8594402491775077,0.12947113102132987,0.011088610550044538,w
11904,true,a,75,Leicester,LEI,88,Manchester City,MCI,0,1,0.723269,2.42749,2020-02-22 17:30:00,0.09166829520786539,0.15819390312272788,0.7501377541038081,w
11932,true,a,89,Manchester United,MUN,88,Manchester City,MCI,2,0,1.7389,0.585469,2020-03-08 16:30:00,0.6542050201239356,0.22587009122996887,0.11992488804072242,l
11917,true,h,88,Manchester City,MCI,83,Arsenal,ARS,3,0,2.73725,0.496759,2020-06-17 19:15:00,0.8408193745319936,0.1141825990377405,0.04499781021068112,w
11939,true,h,88,Manchester City,MCI,92,Burnley,BUR,5,0,2.71096,0.0303408,2020-06-22 19:00:00,0.9280301869132026,0.06990066203662809,0.0020689593575006246,w
11946,true,a,80,Chelsea,CHE,88,Manchester City,MCI,2,1,4.206,0.690594,2020-06-25 19:15:00,0.9263805445508476,0.05106182203609192,0.022522608299365858,l
11959,true,h,88,Manchester City,MCI,87,Liverpool,LIV,4,0,2.65433,0.819606,2020-07-02 19:15:00,0.7634822567979638,0.1452789213327291,0.0912386746791263,w
11970,true,a,74,Southampton,SOU,88,Manchester City,MCI,1,0,0.628765,3.39575,2020-07-05 18:00:00,0.036602258381303876,0.08193553468776954,0.8814592239814137,l
11979,true,h,88,Manchester City,MCI,86,Newcastle United,NEW,5,0,3.28662,0.21643,2020-07-08 17:00:00,0.9342784446122683,0.05564304899048262,0.010076485070876324,w
11985,true,a,220,Brighton,BRI,88,Manchester City,MCI,0,5,0.149588,5.51767,2020-07-11 19:00:00,0.0008150063781286353,0.006956640470613355,0.9916103202435992,w
11999,true,h,88,Manchester City,MCI,73,Bournemouth,BOU,2,1,0.82755,1.66635,2020-07-15 17:00:00,0.1847610824457157,0.2423001890659606,0.572938728146533,w
12011,true,a,90,Watford,WAT,88,Manchester City,MCI,0,4,0.131868,3.73814,2020-07-21 17:00:00,0.0037088464503009706,0.03247873580527166,0.963803229357728,w
12017,true,h,88,Manchester City,MCI,79,Norwich,NOR,5,0,3.56749,0.786563,2020-07-26 15:00:00,0.8719031074725567,0.08367066569221646,0.044420891035471435,w
14105,true,a,229,Wolverhampton Wanderers,WOL,88,Manchester City,MCI,1,3,0.727677,2.07651,2020-09-21 19:15:00,0.11937655322259857,0.19300915314983483,0.6876142872959106,w
14112,true,h,88,Manchester City,MCI,75,Leicester,LEI,2,5,1.44633,2.86721,2020-09-27 15:30:00,0.1703213453135138,0.16112104825370263,0.6685572219799516,l
14469,true,a,245,Leeds,LED,88,Manchester City,MCI,1,1,2.56662,1.41533,2020-10-03 16:30:00,0.6236801174834827,0.17929654765228786,0.1970232383777893,d
14480,true,h,88,Manchester City,MCI,83,Arsenal,ARS,1,0,1.43023,0.838322,2020-10-17 16:30:00,0.5096990678887009,0.27003910560889455,0.22026182645934003,w
14493,true,a,81,West Ham,WHU,88,Manchester City,MCI,1,1,0.263739,0.892456,2020-10-24 11:30:00,0.10607075631424984,0.3932236545925008,0.5007055890931889,d
14502,true,a,238,Sheffield United,SHE,88,Manchester City,MCI,0,1,0.687544,1.89643,2020-10-31 12:30:00,0.1275474938154906,0.21100642921550167,0.6614460750490704,w
14511,true,h,88,Manchester City,MCI,87,Liverpool,LIV,1,1,1.58487,1.18789,2020-11-08 16:30:00,0.4655526787422526,0.24856011847630807,0.2858872026042859,d
14523,true,a,82,Tottenham,TOT,88,Manchester City,MCI,2,0,0.761142,1.66325,2020-11-21 17:30:00,0.16907927177420465,0.24148782762686108,0.5894329002656109,l
14533,true,h,88,Manchester City,MCI,92,Burnley,BUR,5,0,2.26129,0.419877,2020-11-28 15:00:00,0.7952164858142942,0.150668185798716,0.05411530923178878,w
14540,true,h,88,Manchester City,MCI,228,Fulham,FLH,2,0,3.26328,0.287444,2020-12-05 15:00:00,0.9228266969054979,0.06264033947779842,0.014531107622767608,w
14549,true,a,89,Manchester United,MUN,88,Manchester City,MCI,0,0,0.591617,1.28434,2020-12-12 17:30:00,0.17140280342046546,0.2936938639079481,0.5349033326617674,d
14564,true,h,88,Manchester City,MCI,76,West Bromwich Albion,WBA,1,1,2.58593,0.210243,2020-12-15 20:00:00,0.8825980919376989,0.09902358425768489,0.018378217794075592,d
14572,true,a,74,Southampton,SOU,88,Manchester City,MCI,0,1,0.586972,1.15599,2020-12-19 15:00:00,0.18739843265061878,0.31547337239492396,0.4971281949521755,w
14581,true,h,88,Manchester City,MCI,86,Newcastle United,NEW,2,0,3.19575,0.200953,2020-12-26 20:00:00,0.9312815490266372,0.05869518391966069,0.01002182340092265,w
14603,true,a,80,Chelsea,CHE,88,Manchester City,MCI,1,3,0.691013,3.18063,2021-01-03 16:30:00,0.0492352182951924,0.09880453967132599,0.8519588785837212,w
14614,true,h,88,Manchester City,MCI,220,Brighton,BRI,1,0,2.90855,0.177084,2021-01-13 18:00:00,0.9162878696973519,0.07244982779927076,0.011261843920903666,w
14621,true,h,88,Manchester City,MCI,78,Crystal Palace,CRY,4,0,0.961088,0.0515836,2021-01-17 19:15:00,0.5988140949627206,0.38148014529568763,0.01970575974141995,w
14089,true,h,88,Manchester City,MCI,71,Aston Villa,AVL,2,0,3.34385,0.601768,2021-01-20 20:00:00,0.8813517426143054,0.08280471667599697,0.03584105682394199,w
14629,true,a,76,West Bromwich Albion,WBA,88,Manchester City,MCI,0,5,0.568258,2.24838,2021-01-26 20:15:00,0.07819691382819115,0.1643828540170193,0.7574202143639698,w
14642,true,h,88,Manchester City,MCI,238,Sheffield United,SHE,1,0,1.53116,0.154537,2021-01-30 15:00:00,0.7334914125109387,0.2318278111885528,0.03468077619155458,w
14646,true,a,92,Burnley,BUR,88,Manchester City,MCI,0,2,0.0489155,2.12153,2021-02-03 18:00:00,0.006020923192410393,0.12628118197781543,0.8676978864530994,w
14659,true,a,87,Liverpool,LIV,88,Manchester City,MCI,1,4,1.17728,3.55196,2021-02-07 16:30:00,0.08264442647709824,0.10789945797009157,0.8094510456126813,w
14671,true,h,88,Manchester City,MCI,82,Tottenham,TOT,3,0,2.46219,0.4235,2021-02-13 17:30:00,0.8226325241588438,0.1310675837904915,0.04629983506438727,w
14593,true,a,72,Everton,EVE,88,Manchester City,MCI,1,3,1.04664,1.23218,2021-02-17 20:15:00,0.31222663222625374,0.28367081955119644,0.404102548216446,w
14675,true,a,83,Arsenal,ARS,88,Manchester City,MCI,0,1,0.331188,2.08868,2021-02-21 16:30:00,0.04768218356430033,0.16194561554109832,0.7903721940606423,w
14689,true,h,88,Manchester City,MCI,81,West Ham,WHU,2,1,0.760574,1.92892,2021-02-27 12:30:00,0.13979236261758618,0.21063383059096552,0.6495738043880651,w
14720,true,h,88,Manchester City,MCI,229,Wolverhampton Wanderers,WOL,4,1,3.26196,0.318824,2021-03-02 20:00:00,0.9181595128646685,0.06528246245360228,0.016556177665366052,w
14700,true,h,88,Manchester City,MCI,89,Manchester United,MUN,0,2,1.27561,2.11411,2021-03-07 16:30:00,0.22594153532419387,0.20777932647194736,0.5662791301921102,l
14761,true,h,88,Manchester City,MCI,74,Southampton,SOU,5,2,3.10503,1.60561,2021-03-10 18:00:00,0.6753426667189928,0.15262774063953125,0.17202857315919357,w
14708,true,a,228,Fulham,FLH,88,Manchester City,MCI,0,3,0.449499,2.72578,2021-03-13 20:00:00,0.040073699458982065,0.11096327537702946,0.8489628199739968,w
14730,true,a,75,Leicester,LEI,88,Manchester City,MCI,0,2,0.284781,1.98438,2021-04-03 16:30:00,0.04411949622302132,0.17062330577282556,0.7852571945121072,w
14740,true,h,88,Manchester City,MCI,245,Leeds,LED,1,2,1.98825,0.17525,2021-04-10 11:30:00,0.8154529749369674,0.15859200439929233,0.025955017081050566,l
14746,true,a,71,Aston Villa,AVL,88,Manchester City,MCI,1,2,0.801733,1.5634,2021-04-21 19:15:00,0.1917921204628213,0.2541375446493345,0.5540703347433078,w
14768,true,a,78,Crystal Palace,CRY,88,Manchester City,MCI,0,2,0.361866,2.04443,2021-05-01 11:30:00,0.05470497202637103,0.17023863174077675,0.7750563910681892,w
14781,true,h,88,Manchester City,MCI,80,Chelsea,CHE,1,2,1.79168,0.619724,2021-05-08 16:30:00,0.6567232167886613,0.22057732768036808,0.1226994546284167,l
14791,true,a,86,Newcastle United,NEW,88,Manchester City,MCI,3,4,2.18312,1.477,2021-05-14 19:00:00,0.5369821084847854,0.20504370611413755,0.25797417318244564,w
14795,true,a,220,Brighton,BRI,88,Manchester City,MCI,3,2,1.22824,1.07139,2021-05-18 18:00:00,0.39740413124905855,0.2825965020107195,0.3199993667341377,l
14811,true,h,88,Manchester City,MCI,72,Everton,EVE,5,0,2.88355,1.07258,2021-05-23 15:00:00,0.7449355572362334,0.14326681066673544,0.11179721977584836,w
16385,true,a,82,Tottenham,TOT,88,Manchester City,MCI,1,0,1.06014,2.10585,2021-08-15 15:30:00,0.18257292013435295,0.20389546320547178,0.613531609054929,l
16387,true,h,88,Manchester City,MCI,79,Norwich,NOR,5,0,2.43928,0.0250088,2021-08-21 14:00:00,0.9074410092926852,0.09033852887365644,0.002220411239042117,w
16396,true,h,88,Manchester City,MCI,83,Arsenal,ARS,5,0,4.47273,0.116805,2021-08-28 11:30:00,0.9821221894920528,0.016198958243945898,0.0016099063835561677,w
16409,true,a,75,Leicester,LEI,88,Manchester City,MCI,0,1,0.8001,2.75058,2021-09-11 14:00:00,0.08250360216614991,0.1364114793373138,0.7810846887875605,w
16421,true,h,88,Manchester City,MCI,74,Southampton,SOU,0,0,1.22451,0.490923,2021-09-18 14:00:00,0.5459336610533665,0.3054009617791,0.14866537716245629,d
16426,true,a,80,Chelsea,CHE,88,Manchester City,MCI,0,1,0.194202,1.69244,2021-09-25 11:30:00,0.03794254367502525,0.20564684861371402,0.7564106072901576,w
16441,true,a,87,Liverpool,LIV,88,Manchester City,MCI,2,2,0.949368,1.04319,2021-10-03 15:30:00,0.32103761745836185,0.30872888878896587,0.37023349375198444,d
16451,true,h,88,Manchester City,MCI,92,Burnley,BUR,2,0,2.15712,1.07719,2021-10-16 14:00:00,0.6199397587356156,0.19999210742645002,0.1800681234358445,w
16458,true,a,220,Brighton,BRI,88,Manchester City,MCI,1,4,1.1695,3.57376,2021-10-23 16:30:00,0.08064968042546537,0.10630081080343544,0.8130440621581189,w
16470,true,h,88,Manchester City,MCI,78,Crystal Palace,CRY,0,2,0.65739,1.05029,2021-10-30 14:00:00,0.22635886587737825,0.32979153140696355,0.44384960271505974,l
16483,true,a,89,Manchester United,MUN,88,Manchester City,MCI,0,2,0.759561,2.04202,2021-11-06 12:30:00,0.12870763362932616,0.198341518876991,0.672950842408206,w
